Fichier,Nb_commentaires
sources/shabbat/siman-244/niveau-4-daat-harav-en.html,1
sources/shabbat/siman-249/niveau-4-daat-harav-en.html,3
sources/shabbat/siman-249/niveau-4-daat-harav.html,3
sources/shabbat/siman-250/niveau-4-daat-harav-en.html,1
sources/shabbat/siman-250/niveau-4-daat-harav.html,1
sources/shabbat/siman-251/niveau-4-daat-harav-en.html,1
sources/shabbat/siman-251/niveau-4-daat-harav.html,1
sources/shabbat/siman-252/niveau-4-daat-harav-en.html,4
sources/shabbat/siman-252/niveau-4-daat-harav.html,4
sources/shabbat/siman-253/niveau-4-daat-harav-en.html,2
sources/shabbat/siman-253/niveau-4-daat-harav.html,2
sources/shabbat/siman-254/niveau-4-daat-harav-en.html,6
sources/shabbat/siman-254/niveau-4-daat-harav.html,6
sources/shabbat/siman-255/niveau-4-daat-harav-en.html,1
sources/shabbat/siman-255/niveau-4-daat-harav.html,1
sources/shabbat/siman-257/niveau-4-daat-harav-en.html,5
sources/shabbat/siman-257/niveau-4-daat-harav.html,5
sources/shabbat/siman-264/niveau-4-daat-harav-en.html,3
sources/shabbat/siman-264/niveau-4-daat-harav.html,3
sources/shabbat/siman-265/niveau-4-daat-harav-en.html,2
sources/shabbat/siman-265/niveau-4-daat-harav.html,2
sources/shabbat/siman-268/niveau-4-daat-harav-en.html,1
sources/shabbat/siman-268/niveau-4-daat-harav.html,1
sources/shabbat/siman-275/niveau-4-daat-harav-en.html,3
sources/shabbat/siman-275/niveau-4-daat-harav.html,3
sources/shabbat/siman-276/niveau-4-daat-harav-en.html,5
sources/shabbat/siman-276/niveau-4-daat-harav.html,5
sources/shabbat/siman-295/niveau-4-daat-harav.html,1
sources/shabbat/siman-296/niveau-4-daat-harav.html,1
sources/shabbat/siman-301/niveau-4-daat-harav.html,8
sources/shabbat/siman-304/niveau-4-daat-harav-en.html,2
sources/shabbat/siman-305/niveau-4-daat-harav-en.html,2
sources/shabbat/siman-305/niveau-4-daat-harav.html,2
sources/shabbat/siman-311/niveau-4-daat-harav.html,1
sources/shabbat/siman-319/niveau-4-daat-harav-en.html,1
sources/shabbat/siman-319/niveau-4-daat-harav.html,1
sources/shabbat/siman-320/niveau-4-daat-harav-en.html,1
sources/shabbat/siman-320/niveau-4-daat-harav.html,1
sources/shabbat/siman-322/niveau-4-daat-harav-en.html,4
sources/shabbat/siman-322/niveau-4-daat-harav-he.html,2
sources/shabbat/siman-322/niveau-4-daat-harav.html,5
sources/shabbat/siman-347/niveau-4-daat-harav-en.html,1
sources/shabbat/siman-347/niveau-4-daat-harav.html,1
sources/shabbat/siman-358/niveau-4-daat-harav-en.html,1
sources/shabbat/siman-358/niveau-4-daat-harav.html,2
