Fichier,Type_risque,Gravite,Phrase
blog/bougies-shabbat-horaire-allumage-en.html,bein-hashmashot+tosefet-meme-phrase,MOYENNE,"(bein hashmashot, tosefet Shabbat) | DAAT דעת דעת Daat Torah Hilkhot Shabbat Blog 💬 Daat AI About FR HE EN ♥ Support Home › Blog › Time of Shabbat Candle Lighting Hilkhot Shabbat · Siman 261 What Time Do You Light Shabbat Candles?"
blog/bougies-shabbat-horaire-allumage-en.html,bein-hashmashot+tosefet-meme-phrase,MOYENNE,Marker What the source says / frames Seif 1 During בין השמשות: one no longer lights (it may already be Shabbat) Seif 2 Mitzvah of תוספת שבת: add a clearly daytime moment before the entry 18 minutes Widespread custom in most communities (before sunset) Local variants By place and 
blog/bougies-shabbat-horaire-allumage-he.html,bein-hashmashot+tosefet-meme-phrase,MOYENNE,"(בין השמשות, תוספת שבת) | DAAT דעת דעת Daat Torah הלכות שבת בלוג 💬 IA Daat אודות FR HE EN ♥ תרומה בית › בלוג › זמן הדלקת נרות שבת הלכות שבת · סימן רס״א אימתי מדליקים נרות שבת?"
blog/bougies-shabbat-horaire-allumage-he.html,bein-hashmashot+tosefet-meme-phrase,MOYENNE,"סימן מה אומר / ממסגר המקור סעיף א׳ בבין השמשות: אין עוד מדליקים (שמא כבר שבת) סעיף ב׳ מצות תוספת שבת: להוסיף זמן שהוא ודאי יום קודם הכניסה 18 דקות מנהג רווח ברוב הקהילות (קודם השקיעה) שינויים מקומיים לפי המקומות והמנהגים — בירושלים המנהג להקדים יותר (22 דקות), ואצל החסידים 40 דקו"
blog/index-he.html,bein-hashmashot+tosefet-meme-phrase,MOYENNE,"בין השמשות, תוספת שבת, 18 הדקות: מתי בדיוק מדליקים את הנרות כדי להיכנס לשבת."
blog/index.html,bein-hashmashot+tosefet-meme-phrase,MOYENNE,"Le moment précis de l'allumage : בין השמשות (le crépuscule, un doute), la mitsva de תוספת שבת (anticiper l'entrée) et l'usage des 18 minutes."
blog/bougies-shabbat-horaire-allumage.html,bein-hashmashot+tosefet-meme-phrase,MOYENNE,"(bein hashemashot, tossefet Shabbat) | DAAT דעת דעת Daat Torah Hilkhot Shabbat Blog 💬 IA Daat À propos ♥ Soutenir Accueil › Blog › Heure d'allumage des bougies de Shabbat Hilkhot Shabbat · Siman 261 À quelle heure allumer les bougies de Shabbat ?"
blog/bougies-shabbat-horaire-allumage.html,bein-hashmashot+tosefet-meme-phrase,MOYENNE,Repère Ce que dit / encadre la source Seif א Pendant בין השמשות : on n'allume plus (c'est peut-être déjà Shabbat) Seif ב Mitsva de תוספת שבת : ajouter un moment clairement diurne avant l'entrée 18 minutes Usage répandu dans la majorité des communautés (avant le coucher du soleil)
blog/sonneries-shofar-entree-shabbat-he.html,bein-hashmashot+tosefet-meme-phrase,MOYENNE,הרשמה ראו גם בנושא זה סימן רנ״ו — שש תקיעות השופר להכריז על כניסת השבת סימן רנ״ה — הכנת האש קודם כניסת השבת סימן רנ״ז — הטמנת החמין לשבת סימן רס״א — בין השמשות ותוספת שבת DAAT דעת — © 5786 / 2026 · בית · בלוג · הלכות שבת · IA Daat · תרומה
blog/index-en.html,bein-hashmashot+tosefet-meme-phrase,MOYENNE,"Bein hashmashot (twilight, a doubt), tosefet Shabbat (anticipating the entry) and the acceptance of Shabbat: what the Shulchan Aruch says about the precise moment of lighting — and where the custom of 18 minutes before sunset comes from."
sources/yoreh-deah/siman-197/niveau-4-halakha-en.html,melange-shitot-chiffre,MOYENNE,"The Tzemach Tzedek of Lubavitch — Chabad's halachic authority of reference in Niddah The Tzemach Tzedek of Lubavitch — Rabbi Menachem Mendel Schneersohn (1789-1866) , third Rebbe of Lubavitch and grandson of the Admour HaZaken — is the poseq of reference of Chabad , especially in"
sources/yoreh-deah/siman-197/niveau-4-halakha.html,melange-shitot-chiffre,MOYENNE,"Le Tzemah Tzedek de Loubavitch — autorité halakhique de référence de 'Habad sur la Nidah Le Tzemah Tzedek de Loubavitch — Rabbi Menahem Mendel Schneersohn (1789-1866) , troisième Rabbi de Loubavitch et petit-fils de l'Admour HaZaken — est le poseq de référence de 'Habad , en part"
sources/yoreh-deah/siman-197/niveau-4-halakha-he.html,melange-shitot-chiffre,MOYENNE,"הצמח צדק מליובאוויטש — פוסק היסוד של חב״ד בנדה ה צמח צדק מליובאוויטש — רבי מנחם מענדל שניאורסון (תקמ״ט–תרכ״ו, 1789-1866) , האדמו""ר השלישי של ליובאוויטש ונכד אדמו""ר הזקן — הוא פוסק היסוד של חב״ד , ובפרט בטהרת המשפחה."
sources/yoreh-deah/siman-196/index.html,duree-presentee-universelle,IMPORTANTE,"Choulhan Aroukh, Yoreh De'ah 196:1-4 (résumé) Les 4 niveaux d'étude NIVEAU 01 רמת המתחיל Base — Débutant & Intermédiaire Le texte hébreu des 13 seifim vocalisé, avec traduction française fluide : le הפסק טהרה proche de בין השמשות, le מוך דחוק du jour unique, le חלוק בדוק et les ל"
sources/yoreh-deah/siman-196/niveau-4-halakha-en.html,melange-shitot-chiffre,MOYENNE,"The Tzemach Tzedek of Lubavitch — Chabad's halachic authority of reference in Niddah The Tzemach Tzedek of Lubavitch — Rabbi Menachem Mendel Schneersohn (1789-1866) , third Rebbe of Lubavitch and grandson of the Admour HaZaken — is the poseq of reference of Chabad , especially in"
sources/yoreh-deah/siman-196/niveau-4-halakha.html,duree-presentee-universelle,IMPORTANTE,"═══════════════════════════════════════════════════════════════ --> 🖨️ Imprimer / PDF ✦ ❖ ✦ DAAT · NIVEAU 4 — DAAT HARAV ('HABAD) & HALAKHA LEMA'ASSE שולחן ערוך · יורה דעה Siman 196 — Le hefsek tahara et les sept jours propres (הפסק טהרה וז' נקיים) : la bdika d'arrêt, le moch dah"
sources/yoreh-deah/siman-196/niveau-4-halakha.html,melange-shitot-chiffre,MOYENNE,"Le Tzemah Tzedek de Loubavitch — autorité halakhique de référence de 'Habad sur la Nidah Le Tzemah Tzedek de Loubavitch — Rabbi Menahem Mendel Schneersohn (1789-1866) , troisième Rabbi de Loubavitch et petit-fils de l'Admour HaZaken — est le poseq de référence de 'Habad , en part"
sources/yoreh-deah/siman-196/niveau-4-halakha-he.html,melange-shitot-chiffre,MOYENNE,"הצמח צדק מליובאוויטש — פוסק היסוד של חב״ד בנדה ה צמח צדק מליובאוויטש — רבי מנחם מענדל שניאורסון (תקמ״ט–תרכ״ו, 1789-1866) , האדמו""ר השלישי של ליובאוויטש ונכד אדמו""ר הזקן — הוא פוסק היסוד של חב״ד , ובפרט בטהרת המשפחה."
sources/yoreh-deah/siman-184/niveau-4-halakha.html,melange-shitot-chiffre,MOYENNE,"Le Tzemah Tzedek — autorité halakhique de référence de 'Habad sur la Nidah Le Tzemah Tzedek — Rabbi Menahem Mendel Schneersohn (1789-1866), troisième Rabbi de Loubavitch et petit-fils de l'Admour HaZaken — est le poseq de référence de 'Habad , en particulier en טהרת המשפחה."
sources/yoreh-deah/siman-191/niveau-4-halakha.html,melange-shitot-chiffre,MOYENNE,"Le Tzemah Tzedek de Loubavitch — autorité halakhique de référence de 'Habad sur la Nidah Le Tzemah Tzedek de Loubavitch — Rabbi Menahem Mendel Schneersohn (1789-1866) , troisième Rabbi de Loubavitch et petit-fils de l'Admour HaZaken — est le poseq de référence de 'Habad , en part"
sources/yoreh-deah/siman-192/niveau-4-halakha.html,melange-shitot-chiffre,MOYENNE,"Le Tzemah Tzedek de Loubavitch — autorité halakhique de référence de 'Habad sur la Nidah Le Tzemah Tzedek de Loubavitch — Rabbi Menahem Mendel Schneersohn (1789-1866) , troisième Rabbi de Loubavitch et petit-fils de l'Admour HaZaken — est le poseq de référence de 'Habad , en part"
sources/yoreh-deah/siman-193/niveau-4-halakha-en.html,melange-shitot-chiffre,MOYENNE,"The Tzemach Tzedek of Lubavitch — Chabad's halachic authority of reference on Nidah The Tzemach Tzedek of Lubavitch — Rabbi Menachem Mendel Schneersohn (1789-1866) , third Rebbe of Lubavitch and grandson of the Admour HaZaken — is the poseq of reference of Chabad , particularly i"
sources/yoreh-deah/siman-193/niveau-4-halakha.html,melange-shitot-chiffre,MOYENNE,"Le Tzemah Tzedek de Loubavitch — autorité halakhique de référence de 'Habad sur la Nidah Le Tzemah Tzedek de Loubavitch — Rabbi Menahem Mendel Schneersohn (1789-1866) , troisième Rabbi de Loubavitch et petit-fils de l'Admour HaZaken — est le poseq de référence de 'Habad , en part"
sources/yoreh-deah/siman-90/niveau-1-base.html,duree-presentee-universelle,IMPORTANTE,"Ici, au Siman 90, le « lait » est dedans la viande depuis toujours et n'a jamais été un lait à part — c'est ce qui fait basculer l'interdit de déoraïta à dérabbanan ."
sources/yoreh-deah/siman-187/niveau-4-halakha.html,melange-shitot-chiffre,MOYENNE,"Le Tzemah Tzedek — autorité halakhique de référence de 'Habad sur la Nidah Le Tzemah Tzedek — Rabbi Menahem Mendel Schneersohn (1789-1866), troisième Rabbi de Loubavitch et petit-fils de l'Admour HaZaken — est le poseq de référence de 'Habad , en particulier en טהרת המשפחה."
sources/yoreh-deah/siman-190/niveau-4-halakha.html,duree-presentee-universelle,IMPORTANTE,"═══════════════════════════════════════════════════════════════ --> 🖨️ Imprimer / PDF ✦ ❖ ✦ DAAT · NIVEAU 4 — DAAT HARAV ('HABAD) & HALAKHA LEMA'ASSE שולחן ערוך · יורה דעה Siman 190 — Les taches (כתמים) : la גזרה des Sages, le שיעור כגריס, les תליות, et le heter des בגדי צבעונים "
sources/yoreh-deah/siman-190/niveau-4-halakha.html,melange-shitot-chiffre,MOYENNE,"Le Tzemah Tzedek de Loubavitch — autorité halakhique de référence de 'Habad sur la Nidah Le Tzemah Tzedek de Loubavitch — Rabbi Menahem Mendel Schneersohn (1789-1866) , troisième Rabbi de Loubavitch et petit-fils de l'Admour HaZaken — est le poseq de référence de 'Habad , en part"
sources/yoreh-deah/siman-185/niveau-4-halakha.html,melange-shitot-chiffre,MOYENNE,"Le Tzemah Tzedek — autorité halakhique de référence de 'Habad sur la Nidah Le Tzemah Tzedek — Rabbi Menahem Mendel Schneersohn (1789-1866), troisième Rabbi de Loubavitch et petit-fils de l'Admour HaZaken — est le poseq de référence de 'Habad , en particulier en טהרת המשפחה."
sources/yoreh-deah/siman-199/niveau-4-halakha-en.html,melange-shitot-chiffre,MOYENNE,"The Tzemach Tzedek of Lubavitch — Chabad's halachic authority of reference in Niddah The Tzemach Tzedek of Lubavitch — Rabbi Menachem Mendel Schneersohn (1789-1866) , third Rebbe of Lubavitch and grandson of the Admour HaZaken — is the poseq of reference of Chabad , especially in"
sources/yoreh-deah/siman-199/niveau-4-halakha.html,melange-shitot-chiffre,MOYENNE,"Le Tzemah Tzedek de Loubavitch — autorité halakhique de référence de 'Habad sur la Nidah Le Tzemah Tzedek de Loubavitch — Rabbi Menahem Mendel Schneersohn (1789-1866) , troisième Rabbi de Loubavitch et petit-fils de l'Admour HaZaken — est le poseq de référence de 'Habad , en part"
sources/yoreh-deah/siman-199/niveau-4-halakha-he.html,melange-shitot-chiffre,MOYENNE,"הצמח צדק מליובאוויטש — פוסק היסוד של חב״ד בנדה ה צמח צדק מליובאוויטש — רבי מנחם מענדל שניאורסון (תקמ״ט–תרכ״ו, 1789-1866) , האדמו""ר השלישי של ליובאוויטש ונכד אדמו""ר הזקן — הוא פוסק היסוד של חב״ד , ובפרט בטהרת המשפחה."
sources/yoreh-deah/siman-200/niveau-4-halakha-en.html,melange-shitot-chiffre,MOYENNE,"The Tzemach Tzedek of Lubavitch — Chabad's halachic authority of reference on Niddah The Tzemach Tzedek of Lubavitch — Rabbi Menachem Mendel Schneersohn (1789-1866) , third Rebbe of Lubavitch and grandson of the Admour HaZaken — is the posek of reference of Chabad , particularly "
sources/yoreh-deah/siman-200/niveau-4-halakha.html,melange-shitot-chiffre,MOYENNE,"Le Tzemah Tzedek de Loubavitch — autorité halakhique de référence de 'Habad sur la Nidah Le Tzemah Tzedek de Loubavitch — Rabbi Menahem Mendel Schneersohn (1789-1866) , troisième Rabbi de Loubavitch et petit-fils de l'Admour HaZaken — est le poseq de référence de 'Habad , en part"
sources/yoreh-deah/siman-200/niveau-4-halakha-he.html,melange-shitot-chiffre,MOYENNE,"הצמח צדק מליובאוויטש — פוסק היסוד של חב״ד בנדה ה צמח צדק מליובאוויטש — רבי מנחם מענדל שניאורסון (תקמ״ט–תרכ״ו, 1789-1866) , האדמו""ר השלישי של ליובאוויטש ונכד אדמו""ר הזקן — הוא פוסק היסוד של חב״ד , ובפרט בטהרת המשפחה."
sources/yoreh-deah/siman-195/niveau-4-halakha.html,melange-shitot-chiffre,MOYENNE,"Le Tzemah Tzedek de Loubavitch — autorité halakhique de référence de 'Habad sur la Nidah Le Tzemah Tzedek de Loubavitch — Rabbi Menahem Mendel Schneersohn (1789-1866) , troisième Rabbi de Loubavitch et petit-fils de l'Admour HaZaken — est le poseq de référence de 'Habad , en part"
sources/yoreh-deah/siman-188/niveau-4-halakha.html,duree-presentee-universelle,IMPORTANTE,"═══════════════════════════════════════════════════════════════ --> 🖨️ Imprimer / PDF ✦ ❖ ✦ DAAT · NIVEAU 4 — DAAT HARAV ('HABAD) & HALAKHA LEMA'ASSE שולחן ערוך · יורה דעה Siman 188 — Les couleurs de sang : rouge et noir interdits, blanc et vert purs, et la règle de montrer la בד"
sources/yoreh-deah/siman-188/niveau-4-halakha.html,melange-shitot-chiffre,MOYENNE,"Le Tzemah Tzedek de Loubavitch — autorité halakhique de référence de 'Habad sur la Nidah Le Tzemah Tzedek de Loubavitch — Rabbi Menahem Mendel Schneersohn (1789-1866) , troisième Rabbi de Loubavitch et petit-fils de l'Admour HaZaken — est le poseq de référence de 'Habad , en part"
sources/yoreh-deah/siman-183/niveau-4-halakha.html,melange-shitot-chiffre,MOYENNE,"Le Tzemah Tzedek — autorité halakhique de référence de 'Habad sur la Nidah Le Tzemah Tzedek — Rabbi Menahem Mendel Schneersohn (1789-1866), troisième Rabbi de Loubavitch et petit-fils de l'Admour HaZaken — est le poseq de référence de 'Habad , en particulier en טהרת המשפחה."
sources/yoreh-deah/siman-186/niveau-1-base.html,duree-presentee-universelle,IMPORTANTE,Seif 4 Oui — נאמנת על שלה → נאמנת על שלו Le רואה מחמת תשמיש 3 fois Seif 5 Interdite à ce mari pour toujours (→ siman 187) L'idée transversale : la בדיקה suit la prévisibilité .
sources/yoreh-deah/siman-186/niveau-1-base.html,duree-presentee-universelle,IMPORTANTE,Le רואה מחמת תשמיש 3 fois de suite → interdite à ce mari pour toujours ; détaillé au siman 187 (seif 5).
sources/yoreh-deah/siman-186/niveau-1-base.html,duree-presentee-universelle,IMPORTANTE,"Femme à וסת קבוע 🟢 Aucune (et pas devant le mari) Sans וסת — 3 premières fois 🔴 Avant + après (Mehaber) / 🟢 Aucune (usage, Shach) Sans וסת — après la חזקה 🟢 Plus de בדיקה (Rambam/Rosh : toujours) 14 jours après la טבילה 🟢 Comme וסת קבוע Se vérifier avec l'עד du mari 🟢 Permis (נאמ"
sources/yoreh-deah/siman-186/niveau-3-synthese.html,duree-presentee-universelle,IMPORTANTE,"Situation Critère décisif Résultat Femme à וסת קבוע חזקה qu'elle ne voit pas au rapport 🟢 Aucune bedika ; qu'elle ne se vérifie pas devant le mari (לבו נוקף) Femme sans וסת (Rishonim) 3 premières fois, avant + après 🟡 Bedika les 3 fois ; הוחזקה → plus de bedika Femme sans וסת (Ra"
sources/yoreh-deah/siman-186/niveau-3-synthese.html,duree-presentee-universelle,IMPORTANTE,"Et partout, un saignement répété au rapport (3 fois) n'est pas anodin : c'est le רואה מחמת תשמיש , et la suite se traite au siman 187, avec un Rav et souvent un médecin."
sources/yoreh-deah/siman-186/niveau-3-synthese.html,duree-presentee-universelle,IMPORTANTE,Pour toujours ; le détail se traite au siman 187 (Mehaber seif 5).
sources/yoreh-deah/siman-186/niveau-3-synthese.html,duree-presentee-universelle,IMPORTANTE,"❌ Piège 4 — Banaliser le רואה מחמת תשמיש : un saignement lié au rapport, répété 3 fois de suite , n'est pas un détail : il rend la femme interdite à ce mari pour toujours (seif 5), et toute la suite se traite au siman 187."
sources/yoreh-deah/siman-186/niveau-3-synthese.html,duree-presentee-universelle,IMPORTANTE,"5 רואה מחמת תשמיש Femme qui voit du sang du fait du rapport, 3 fois de suite → interdite pour toujours à ce mari ; tout le détail (les bedikot, les remèdes, le statut) se traite au siman 187."
sources/yoreh-deah/siman-186/niveau-4-halakha.html,duree-presentee-universelle,IMPORTANTE,5 רואה מחמת תשמיש Voit du sang מחמת תשמיש 3 fois de suite → interdite pour toujours à ce mari ; détaillé au siman 187.
sources/yoreh-deah/siman-186/niveau-4-halakha.html,melange-shitot-chiffre,MOYENNE,"Le Tzemah Tzedek — autorité halakhique de référence de 'Habad sur la Nidah Le Tzemah Tzedek — Rabbi Menahem Mendel Schneersohn (1789-1866), troisième Rabbi de Loubavitch et petit-fils de l'Admour HaZaken — est le poseq de référence de 'Habad , en particulier en טהרת המשפחה."
sources/yoreh-deah/siman-189/niveau-4-halakha.html,duree-presentee-universelle,IMPORTANTE,"═══════════════════════════════════════════════════════════════ --> 🖨️ Imprimer / PDF ✦ ❖ ✦ DAAT · NIVEAU 4 — DAAT HARAV ('HABAD) & HALAKHA LEMA'ASSE שולחן ערוך · יורה דעה Siman 189 — Les périodes menstruelles (וסתות) : וסת קבוע et שאינו קבוע, onah beinonita, dilug et haflaga, et"
sources/yoreh-deah/siman-189/niveau-4-halakha.html,melange-shitot-chiffre,MOYENNE,"Le Tzemah Tzedek de Loubavitch — autorité halakhique de référence de 'Habad sur la Nidah Le Tzemah Tzedek de Loubavitch — Rabbi Menahem Mendel Schneersohn (1789-1866) , troisième Rabbi de Loubavitch et petit-fils de l'Admour HaZaken — est le poseq de référence de 'Habad , en part"
sources/yoreh-deah/siman-198/niveau-4-halakha-en.html,melange-shitot-chiffre,MOYENNE,"The Tzemach Tzedek of Lubavitch — Chabad's halachic authority of reference in Niddah The Tzemach Tzedek of Lubavitch — Rabbi Menachem Mendel Schneersohn (1789-1866) , third Rebbe of Lubavitch and grandson of the Admour HaZaken — is the poseq of reference of Chabad , especially in"
sources/yoreh-deah/siman-198/niveau-4-halakha.html,melange-shitot-chiffre,MOYENNE,"Le Tzemah Tzedek de Loubavitch — autorité halakhique de référence de 'Habad sur la Nidah Le Tzemah Tzedek de Loubavitch — Rabbi Menahem Mendel Schneersohn (1789-1866) , troisième Rabbi de Loubavitch et petit-fils de l'Admour HaZaken — est le poseq de référence de 'Habad , en part"
sources/yoreh-deah/siman-198/niveau-4-halakha-he.html,melange-shitot-chiffre,MOYENNE,"הצמח צדק מליובאוויטש — פוסק היסוד של חב״ד בנדה ה צמח צדק מליובאוויטש — רבי מנחם מענדל שניאורסון (תקמ״ט–תרכ״ו, 1789-1866) , האדמו""ר השלישי של ליובאוויטש ונכד אדמו""ר הזקן — הוא פוסק היסוד של חב״ד , ובפרט בטהרת המשפחה."
sources/yoreh-deah/siman-194/niveau-4-halakha.html,melange-shitot-chiffre,MOYENNE,"Le Tzemah Tzedek de Loubavitch — autorité halakhique de référence de 'Habad sur la Nidah Le Tzemah Tzedek de Loubavitch — Rabbi Menahem Mendel Schneersohn (1789-1866) , troisième Rabbi de Loubavitch et petit-fils de l'Admour HaZaken — est le poseq de référence de 'Habad , en part"
sources/shabbat/index-he.html,bein-hashmashot+tosefet-meme-phrase,MOYENNE,"יישום… 4 רמות: בסיס · למדן · סיכום · דעת הרב ללמוד ← סימן 259 סימן רנ""ט שלם כַּמָּה דִּינֵי הַטְמָנָה וְטִלְטוּלָם כמה דיני הטמנה וטלטולם בשבת שיטת אדמו״ר הזקן על 8 הסעיפים המקודדים את דיני הטלטול של חומרי ההטמנה בשבת — האם מותר להסיר את הסמרטוט, להזיז את הקדרה… 4 רמות: בסיס · למ"
sources/shabbat/index.html,bein-hashmashot+tosefet-meme-phrase,MOYENNE,"Application… 4 niveaux : Base · Lamdan · Synthèse · Daat HaRav Étudier → Siman 259 סימן רנ""ט Complet כַּמָּה דִּינֵי הַטְמָנָה וְטִלְטוּלָם Règles supplémentaires de hatmana et leur déplacement Shabbat La chitah de l'Admour HaZaken sur les 8 seifim qui codifient les règles du dép"
sources/shabbat/index-en.html,bein-hashmashot+tosefet-meme-phrase,MOYENNE,"Application… 4 levels: Base · Lamdan · Synthesis · Daat HaRav Study → Siman 259 סימן רנ""ט Complete כַּמָּה דִּינֵי הַטְמָנָה וְטִלְטוּלָם Additional rules of hatmana and their movement on Shabbat The shitah of the Admour HaZaken on the 8 seifim that codify the rules of moving (טל"
sources/shabbat/siman-261/niveau-4-daat-harav-en.html,bein-hashmashot+tosefet-meme-phrase,MOYENNE,"Siman 261 · Level 4 — Shitah of the Alter Rebbe | Hilkhot Shabbat FR HE EN דעת DAAT Home Hilchos Shabbos Siman רס""א 📜 Shitah of the Alter Rebbe FR HE EN Home › Hilchos Shabbos › Siman רס""א › Level 4 — Daat HaRav DAAT · LEVEL 4 — DAAT HARAV · שיטת אדמו״ר הזקן דעת הרב Daat HaRav — "
sources/shabbat/siman-261/niveau-4-daat-harav-en.html,bein-hashmashot+tosefet-meme-phrase,MOYENNE,"אלא ודאי צריך לומר כיון שקיבל עליו שבת גרע מבין השמשות ומיתסר בהטמנה כמו בשבת עצמה, ולא משום גזרה שמא ירתיח בתוספת שבת, דהא ודאי לא חמירא תוספת מבין השמשות כמ""ש החכם צבי, וגם ליכא למיגזר כלל כמ""ש, אלא כיון שקיבל השבת קיבל כל חומרותיה וסייגיה השייכים לעיצומו של יום אע""ג דלא שייכי "
sources/shabbat/siman-261/niveau-4-daat-harav-en.html,bein-hashmashot+tosefet-meme-phrase,MOYENNE,"ולפי זה אתי שפיר נמי מ""ש הט""ז שם על האוסרים דהא קתני צריך כו', ואמאי צריך הא אפשר שיוסיף בלי קבלת עיצומו של יום, משום ששם דקדק לכתוב קיבל עליו תוספת כו' וכאן דקדק לכתוב אחר עניית ברכו קבליה לשבת כו', דהתם לא הזכיר כלל ברכו ולא תפלת ערבית אלא שקיבל עליו סתם תוספת שבת, כמו שמצות הת"
sources/shabbat/siman-261/niveau-2-lamdan-en.html,bein-hashmashot+tosefet-meme-phrase,MOYENNE,"Siman רס״א · Level 2 Lamdan — בין השמשות, תוספת שבת | DAAT FR HE EN ✦ ❖ ✦ DAAT · רמה 2 — למדן שולחן ערוך · אורח חיים הלכות שבת — עיון מעמיק סימן רס״א זמן הדלקת נרות לשבת סוגיית בין השמשות, חקירה בתוספת שבת, מחלוקת הגאונים ור״ת, פלג המנחה ⚡ ללומדים ותלמידי חכמים ⚡ ✦ ❖ ✦ פלפול מעמי"
sources/shabbat/siman-261/niveau-2-lamdan-en.html,bein-hashmashot+tosefet-meme-phrase,MOYENNE,עריכה: רב יוסף חיים סממה · DAAT 📄 Imprimer / Sauver en PDF 📑 תוכן העניינים הקדמת הסוגיא — שבת ל״ד.-ל״ה: ובין השמשות מחלוקת הגאונים ור״ת — שתי שיטות בבין השמשות חקירה בתוספת שבת — מצוה דאורייתא או דרבנן ?
sources/shabbat/siman-261/niveau-1-base-en.html,bein-hashmashot+tosefet-meme-phrase,MOYENNE,"Phase Approximate duration Halachic status Before plag haminchah All day Fully mundane Plag haminchah → visible sunset (שקיעה הנראית) ≈ 1h15 Tosefet Shabbat — one adds mundane time to Shabbos, before שקיעה From halachic sunset (שקיעה האמיתית) → צאת הכוכבים Variable (place, season"
sources/shabbat/siman-261/niveau-1-base-en.html,bein-hashmashot+tosefet-meme-phrase,MOYENNE,"Detail of the 4 seifim Seif Alef — בין השמשות, permitted/forbidden dichotomy + non-Jew 3 axes: New acts with halachic status → forbidden Acts resolving existing doubt → permitted Act by non-Jew → permitted for mitzvah or urgent need (and for one who accepted Shabbos early — Rema'"
sources/shabbat/siman-261/index-he.html,bein-hashmashot+tosefet-meme-phrase,MOYENNE,סימן רס״א — זמן הדלקת נרות לשבת · שולחן ערוך · לימוד בעברית | DAAT דעת DAAT עמוד הבית הלכות שבת 💬 דעת AI ♥ תמיכה FR HE EN עמוד הבית › הלכות שבת › סימן רס״א אורח חיים · הלכות שבת · סימן רס״א זְמַן הַדְלָקַת נֵרוֹת לְשַׁבָּת סימן רס״א — זמן הדלקת נרות לשבת שיטת אדמו״ר הזקן בז׳ הסעי
sources/shabbat/siman-261/index.html,bein-hashmashot+tosefet-meme-phrase,MOYENNE,"Siman 261 — Le moment de l'allumage des bougies de | Hilkhot Shabbat דעת DAAT Accueil Hilkhot Shabbat 💬 IA Daat ♥ Soutenir FR HE EN Accueil › Hilkhot Shabbat › Siman 261 Orah Haïm · Hilkhot Shabbat · Siman רס""א זְמַן הַדְלָקַת נֵרוֹת לְשַׁבָּת Siman 261 — Le moment de l'allumage "
sources/shabbat/siman-261/niveau-1-base.html,bein-hashmashot+tosefet-meme-phrase,MOYENNE,"Siman רס״א · Niveau 1 — Le moment de l'allumage des | Hilkhot Shabbat FR HE EN ✦ ❖ ✦ DAAT · NIVEAU 1 — INITIATION Siman רס״א · 4 Seifim (SA) + 7 Seifim (SHHaRav) Le moment précis de l'allumage des bougies — בין השמשות, תוספת שבת, 18 min סימן רס״א זמן הדלקת נרות לשבת 🌱 Niveau Init"
sources/shabbat/siman-261/niveau-1-base.html,bein-hashmashot+tosefet-meme-phrase,MOYENNE,"Phase Durée approximative Statut halakhique Avant פלג המנחה Tout le jour Pleinement profane פלג המנחה → שקיעה הנראית (coucher visible) ≈ 1h15 תוספת שבת : on ajoute du temps profane à Chabbat, avant la שקיעה À partir de la שקיעה האמיתית (halakhique) → צאת הכוכבים Variable (lieu, s"
sources/shabbat/siman-261/niveau-1-base.html,duree-presentee-universelle,IMPORTANTE,"Cadre Anticipation Notes Minimum (Mehaber) Quelques minutes avant la nuit "" איזה זמן שיהיה ודאי יום "" Standard (minhag commun) 18 minutes avant le coucher du soleil Calendrier juif universel Yerushalayim 22-40 minutes avant Coutume locale Hassidim (Habad, Belz, etc.) 40 minutes a"
sources/shabbat/siman-261/niveau-1-base.html,bein-hashmashot+tosefet-meme-phrase,MOYENNE,"Le détail des 4 seifim Seif Alef — בין השמשות, dichotomie permis/interdit + non-juif 3 axes : Actes nouveaux ayant statut halakhique → interdits Actes résolvant un doute existant → permis Acte par non-juif → permis pour mitsva ou besoin urgent (et pour qui a accepté Shabbat tôt —"
sources/shabbat/siman-261/niveau-1-base.html,bein-hashmashot+tosefet-meme-phrase,MOYENNE,"Synthèse pratique du Siman Les 5 enseignements du Siman רס״א : בין השמשות = doute — actes profanes risqués, actes positifs interdits תוספת שבת — mitsva positive d'anticiper l'entrée (mn = 18 min, max = פלג המנחה) Acceptation orale = critère décisif — Barekhu (homme) ou Mizmor (fe"
sources/shabbat/siman-261/niveau-1-base.html,bein-hashmashot+tosefet-meme-phrase,MOYENNE,"Pour approfondir ce siman : 📚 Niveau 2 — Lamdan : sougya Shabbat 34a-35b, Yoma 81b, חקירה sur la nature de תוספת שבת (mitsva ou heter), shitot Geonim vs Rabenu Tam sur בין השמשות, dérivation talmudique de פלג המנחה ✨ Niveau 3 — Synthèse : axiome, mnémonique, arbre de décision 📜 N"
sources/shabbat/siman-261/niveau-3-synthese-he.html,bein-hashmashot+tosefet-meme-phrase,MOYENNE,שלושה צירים מבניים: (1) בין השמשות = ספק הלכתי (ג׳ רבעי מיל אחר השקיעה) שבו פעולות מסוימות אסורות; (2) תוספת שבת = מצות עשה ל הקדים את הכניסה (מפלג המנחה עד השקיעה); (3) קבלה בפה = מעשה הקובע שבת בזמן הסובייקטיבי.
sources/shabbat/siman-261/niveau-3-synthese-he.html,bein-hashmashot+tosefet-meme-phrase,MOYENNE,שלושת שלבי הזמן שלב משך סטטוס הלכתי הנהגה קודם פלג המנחה כל היום חול הכנות שבת פלג המנחה → שקיעה הנראית ≈ שעה ורבע תוספת שבת (לפני השקיעה) הדלקה רגילה: 18 דק׳ לפני השקיעה מן השקיעה האמיתית → צאת הכוכבים משתנה (מקום/עונה) בין השמשות — ספק חשיכה הדלקה אסורה ליהודי (חוץ מנכרי) אחר צ
sources/shabbat/siman-261/niveau-3-synthese-he.html,melange-shitot-chiffre,MOYENNE,"טבלת סיכום סופית אלמנט פרטים נושא הסימן הזמן המדויק של הדלקת נרות שבת מספר סעיפים ד׳ (המחבר) — ז׳ + ג׳ ק״א (אדמו״ר הזקן) מקור תלמודי שבת ל״ד-ל״ה · יומא פ״א ע״ב · פסחים נ״ד ע״א מושגים הלכתיים בין השמשות, תוספת שבת, פלג המנחה, קבלת שבת, אמירת ברכו, מזמור יישום מודרני 18/22/40 דק׳, "
sources/shabbat/siman-261/niveau-3-synthese-he.html,bein-hashmashot+tosefet-meme-phrase,MOYENNE,"טבלת סיכום סופית אלמנט פרטים נושא הסימן הזמן המדויק של הדלקת נרות שבת מספר סעיפים ד׳ (המחבר) — ז׳ + ג׳ ק״א (אדמו״ר הזקן) מקור תלמודי שבת ל״ד-ל״ה · יומא פ״א ע״ב · פסחים נ״ד ע״א מושגים הלכתיים בין השמשות, תוספת שבת, פלג המנחה, קבלת שבת, אמירת ברכו, מזמור יישום מודרני 18/22/40 דק׳, "
sources/shabbat/siman-261/niveau-3-synthese-he.html,bein-hashmashot+tosefet-meme-phrase,MOYENNE,"📚 סיכום מסלול הלימוד למדת את סימן רס״א בשלוש רמות: 🌱 רמה 1 — בסיס: ד׳ סעיפים, ג׳ מושגי מפתח (בין השמשות / תוספת שבת / קבלה בפה), ה׳ מקרים מודרניים ⚡ רמה 2 — למדן: סוגיית שבת ל״ד-ל״ה, מחלוקת הגאונים/רבנו תם, חקירה בסטטוס התוספת (דאורייתא/דרבנן/מנהג), פלג המנחה, משמעות המזמור לנשים"
sources/shabbat/siman-261/niveau-4-daat-harav.html,bein-hashmashot+tosefet-meme-phrase,MOYENNE,"Siman 261 · Niveau 4 — Chitah de l'Admour HaZaken | Hilkhot Shabbat FR HE EN דעת DAAT Accueil Hilkhot Shabbat Siman רס""א 📜 Chitah de l'Admour FR HE EN Accueil › Hilkhot Shabbat › Siman רס""א › Niveau 4 — Daat HaRav Orah Haïm רס""א · Niveau 4 · שיטת אדמו״ר הזקן דעת הרב Daat HaRav — "
sources/shabbat/siman-261/niveau-4-daat-harav.html,bein-hashmashot+tosefet-meme-phrase,MOYENNE,Ce temps de tossefet avant Chabbat va du début de la chekia (où le soleil n'est plus visible sur terre) jusqu'au temps de bein hashemashot .
sources/shabbat/siman-261/niveau-4-daat-harav.html,bein-hashmashot+tosefet-meme-phrase,MOYENNE,"Mais bein hashemashot ne se compte pas comme tossefet , puisque c'est un doute de nuit où la melakha est déjà interdite par la Torah, sans la mitsva de tossefet ."
sources/shabbat/siman-261/niveau-4-daat-harav.html,bein-hashmashot+tosefet-meme-phrase,MOYENNE,"אלא ודאי צריך לומר כיון שקיבל עליו שבת גרע מבין השמשות ומיתסר בהטמנה כמו בשבת עצמה, ולא משום גזרה שמא ירתיח בתוספת שבת, דהא ודאי לא חמירא תוספת מבין השמשות כמ""ש החכם צבי, וגם ליכא למיגזר כלל כמ""ש, אלא כיון שקיבל השבת קיבל כל חומרותיה וסייגיה השייכים לעיצומו של יום אע""ג דלא שייכי "
sources/shabbat/siman-261/niveau-4-daat-harav.html,bein-hashmashot+tosefet-meme-phrase,MOYENNE,"ולפי זה אתי שפיר נמי מ""ש הט""ז שם על האוסרים דהא קתני צריך כו', ואמאי צריך הא אפשר שיוסיף בלי קבלת עיצומו של יום, משום ששם דקדק לכתוב קיבל עליו תוספת כו' וכאן דקדק לכתוב אחר עניית ברכו קבליה לשבת כו', דהתם לא הזכיר כלל ברכו ולא תפלת ערבית אלא שקיבל עליו סתם תוספת שבת, כמו שמצות הת"
sources/shabbat/siman-261/niveau-4-daat-harav.html,bein-hashmashot+tosefet-meme-phrase,MOYENNE,"Il faut donc nécessairement dire : dès lors qu'il a accepté Chabbat sur lui, c'est plus grave que bein hashemashot , et la hatmana devient interdite comme à Chabbat même ; non pas par décret de crainte qu'il ne réchauffe pendant la tossefet Chabbat — car certainement la tossefet "
sources/shabbat/siman-261/niveau-4-daat-harav.html,bein-hashmashot+tosefet-meme-phrase,MOYENNE,"Car là il n'a pas du tout mentionné « Barekhou » ni la prière d' arvit , mais seulement qu'on a accepté la tossefet Chabbat sans plus, comme la mitsva de la Torah d'ajouter du profane (au sacré) même sans prière, à l'instar de la tossefet de Yom Kippour qui ne se fait que par acc"
sources/shabbat/siman-261/niveau-4-daat-harav.html,bein-hashmashot+tosefet-meme-phrase,MOYENNE,"De plus, bein hashemashot entre lui-même dans la tossefet malgré soi, même si c'est encore jour, puisqu'il jouxte la nuit véritable ; et bien qu'on ne l'ait pas accepté, il est déjà accepté et tenu d'office depuis le mont Sinaï, et pourtant on a permis les chevoutim [à bein hashe"
sources/shabbat/siman-261/niveau-4-daat-harav.html,duree-presentee-universelle,IMPORTANTE,"18 minutes (selon coutume) — (le chiffre exact de 18 minutes provient du minhag aschkenaze codifié par les Aharonim, pas du Mehaber lui-même qui parle seulement de « toujours quelque chose ») — (le Rama mentionne le minhag de tossefet sans préciser 18 min) MB 261:13-15 — explique"
sources/shabbat/siman-261/niveau-4-daat-harav-he.html,bein-hashmashot+tosefet-meme-phrase,MOYENNE,סימן רס״א · רמה 4 דעת הרב — שיטת אדמו״ר הזקן | DAAT FR HE EN דעת DAAT דף הבית הלכות שבת סימן רס״א 📜 שיטת אדמו״ר דף הבית › הלכות שבת › סימן רס״א › רמה 4 — דעת הרב אורח חיים רס״א · רמה 4 · שיטת אדמו״ר הזקן דעת הרב דעת הרב — שולחן ערוך הרב על סימן רס״א שיטת אדמו״ר הזקן על ז׳ הסעיפים
sources/shabbat/siman-261/niveau-2-lamdan.html,bein-hashmashot+tosefet-meme-phrase,MOYENNE,"Siman רס״א · Niveau 2 Lamdan — בין השמשות, תוספת שבת | DAAT FR HE EN ✦ ❖ ✦ DAAT · רמה 2 — למדן שולחן ערוך · אורח חיים הלכות שבת — עיון מעמיק סימן רס״א זמן הדלקת נרות לשבת סוגיית בין השמשות, חקירה בתוספת שבת, מחלוקת הגאונים ור״ת, פלג המנחה ⚡ ללומדים ותלמידי חכמים ⚡ ✦ ❖ ✦ פלפול מעמ"
sources/shabbat/siman-261/niveau-2-lamdan.html,bein-hashmashot+tosefet-meme-phrase,MOYENNE,עריכה: רב יוסף חיים סממה · DAAT 📄 Imprimer / Sauver en PDF 📑 תוכן העניינים הקדמת הסוגיא — שבת ל״ד.-ל״ה: ובין השמשות מחלוקת הגאונים ור״ת — שתי שיטות בבין השמשות חקירה בתוספת שבת — מצוה דאורייתא או דרבנן ?
sources/shabbat/siman-261/niveau-3-synthese-en.html,bein-hashmashot+tosefet-meme-phrase,MOYENNE,Three structural axes: (1) בין השמשות = halachic doubt (3/4 mil after sunset) where certain acts are forbidden; (2) תוספת שבת = positive mitzvah to anticipate entry (from plag haminchah to sunset); (3) verbal acceptance = act that fixes Shabbos in subjective time.
sources/shabbat/siman-261/niveau-3-synthese-en.html,melange-shitot-chiffre,MOYENNE,"Final summary table Element Detail Subject of siman The precise time of Shabbos candle lighting Number of seifim 4 (Mechaber) — 7 + 3 KA (Alter Rebbe) Talmudic source Shabbos 34a-35b · Yoma 81b · Pesachim 54a Halachic concepts Bein hashmashos, tosefet Shabbat, plag haminchah, kab"
sources/shabbat/siman-261/niveau-3-synthese.html,bein-hashmashot+tosefet-meme-phrase,MOYENNE,Trois axes structurants : (1) בין השמשות = doute halakhique (3/4 mil après le coucher du soleil) où certains actes sont interdits ; (2) תוספת שבת = mitsva positive d' anticiper l'entrée (de פלג המנחה jusqu'au coucher) ; (3) acceptation orale = acte qui fixe Shabbat dans le temps 
sources/shabbat/siman-261/niveau-3-synthese.html,bein-hashmashot+tosefet-meme-phrase,MOYENNE,Les 3 phases temporelles Phase Durée Statut halakhique Pratique Avant פלג המנחה Tout le jour Profane Préparatifs Shabbat פלג המנחה → שקיעה הנראית (coucher visible) ≈ 1h15 תוספת שבת (avant la שקיעה) Allumage standard : 18 min avant la שקיעה À partir de la שקיעה האמיתית (halakhique
sources/shabbat/siman-261/niveau-3-synthese.html,bein-hashmashot+tosefet-meme-phrase,MOYENNE,"Pour mémoriser : ""B-T-K pour le siman 261 : Bein haShemashot c'est le doute, Tossefet c'est l'anticipation, Kabbala c'est l'acceptation orale."" 5."
sources/shabbat/siman-261/niveau-3-synthese.html,melange-shitot-chiffre,MOYENNE,"Tableau de synthèse finale Élément Détail Sujet du siman Le moment précis de l'allumage des bougies de Shabbat Nombre de seifim 4 (Mehaber) — 7 + 3 KA (Admour HaZaken) Source talmudique Shabbat 34a-35b · Yoma 81b · Pessahim 54a Concepts halakhiques בין השמשות, תוספת שבת, פלג המנח"
sources/shabbat/siman-261/niveau-3-synthese.html,bein-hashmashot+tosefet-meme-phrase,MOYENNE,"Tableau de synthèse finale Élément Détail Sujet du siman Le moment précis de l'allumage des bougies de Shabbat Nombre de seifim 4 (Mehaber) — 7 + 3 KA (Admour HaZaken) Source talmudique Shabbat 34a-35b · Yoma 81b · Pessahim 54a Concepts halakhiques בין השמשות, תוספת שבת, פלג המנח"
sources/shabbat/siman-261/niveau-3-synthese.html,bein-hashmashot+tosefet-meme-phrase,MOYENNE,"📚 Récapitulatif du parcours d'étude Tu as étudié le Siman רס״א en 3 niveaux : 🌱 Niveau 1 — Base : 4 seifim, 3 concepts-clés (בין השמשות / תוספת שבת / acceptation orale), 5 cas modernes ⚡ Niveau 2 — Lamdan : sougya Shabbat 34a-35b, מחלוקת Geonim/Rabenu Tam, חקירה sur le statut de "
sources/shabbat/siman-261/niveau-1-base-he.html,bein-hashmashot+tosefet-meme-phrase,MOYENNE,"סימן רס״א · רמה 1 בסיס — זמן הדלקת הנרות | DAAT FR HE EN ✦ ❖ ✦ דעת · רמה 1 — מתחילים סימן רס״א · ד׳ סעיפים (שו״ע) + ז׳ סעיפים (שו״ע הרב) זמן מדויק של הדלקת הנרות — בין השמשות, תוספת שבת, 18 דקות סימן רס״א זמן הדלקת נרות לשבת 🌱 רמת מתחילים · יסודות ✦ ❖ ✦ סימן יסודי של זמן הכניסה ."
sources/shabbat/siman-261/niveau-1-base-he.html,bein-hashmashot+tosefet-meme-phrase,MOYENNE,שלב משך מקורב סטטוס הלכתי קודם פלג המנחה כל היום חול גמור פלג המנחה → שקיעה הנראית ≈ שעה ורבע תוספת שבת — מוסיפים מן החול על הקודש לפני השקיעה מן השקיעה האמיתית → צאת הכוכבים משתנה (מקום ועונה) בין השמשות — ספק בין יום ללילה (ספק חשיכה) צאת הכוכבים — ודאי לילה — שבת נכנסה בוודאי 
sources/shabbat/siman-261/niveau-1-base-he.html,bein-hashmashot+tosefet-meme-phrase,MOYENNE,"פירוט ד׳ הסעיפים סעיף א׳ — בין השמשות, חלוקה בין מותר לאסור + נכרי שלושה צירים: פעולות חדשות בעלות סטטוס הלכתי → אסורות פעולות הפותרות ספק קיים → מותרות פעולה ע״י נכרי → מותרת לצורך מצוה או צורך גדול (וגם למי שקיבל שבת מוקדם — הגהת רמ״א) סעיף ב׳ — תוספת שבת + פלג המנחה שלב סטטוס "
sources/shabbat/siman-261/niveau-1-base-he.html,bein-hashmashot+tosefet-meme-phrase,MOYENNE,"סיכום מעשי של הסימן חמשת לימודי סימן רס״א : בין השמשות = ספק — פעולות חול מסוכנות, פעולות חיוביות אסורות תוספת שבת — מצות עשה להקדים הכניסה (מינ׳ = 18 דק׳, מקס׳ = פלג המנחה) קבלה בפה = מבחן מכריע — ברכו (איש) או מזמור (אישה) נכרי מותר בבין השמשות לצורך מצוה או צורך גדול סימני טבע"
sources/shabbat/siman-261/niveau-1-base-he.html,bein-hashmashot+tosefet-meme-phrase,MOYENNE,"ל העמיק בסימן זה: 📚 רמה 2 — למדן : סוגיית שבת ל״ד-ל״ה, יומא פ״א ע״ב, חקירה במהות תוספת שבת (מצוה או היתר), שיטות הגאונים מול רבנו תם בבין השמשות, גזירת פלג המנחה ✨ רמה 3 — סינתזה : אקסיומה, סימן זיכרון, עץ החלטה 📜 רמה 4 — דעת הרב : שיטת אדמו״ר הזקן על ז׳ הסעיפים וג׳ ההערות של הקו"
sources/shabbat/siman-261/niveau-2-lamdan-he.html,bein-hashmashot+tosefet-meme-phrase,MOYENNE,"Siman רס״א · רמה 2 Lamdan — בין השמשות, תוספת שבת | DAAT FR HE EN ✦ ❖ ✦ DAAT · רמה 2 — למדן שולחן ערוך · אורח חיים הלכות שבת — עיון מעמיק סימן רס״א זמן הדלקת נרות לשבת סוגיית בין השמשות, חקירה בתוספת שבת, מחלוקת הגאונים ור״ת, פלג המנחה ⚡ ללומדים ותלמידי חכמים ⚡ ✦ ❖ ✦ פלפול מעמיק "
sources/shabbat/siman-261/niveau-2-lamdan-he.html,bein-hashmashot+tosefet-meme-phrase,MOYENNE,עריכה: רב יוסף חיים סממה · DAAT 📄 Imprimer / Sauver en PDF 📑 תוכן העניינים הקדמת הסוגיא — שבת ל״ד.-ל״ה: ובין השמשות מחלוקת הגאונים ור״ת — שתי שיטות בבין השמשות חקירה בתוספת שבת — מצוה דאורייתא או דרבנן ?
sources/shabbat/siman-342/niveau-2-lamdan-en.html,bein-hashmashot+tosefet-meme-phrase,MOYENNE,"הציון ""ועיין לעיל סי' רס""א וסוף סי' ש""ז"" מפנה : סי' רס""א — לעניין עצם זמן בין השמשות ותוספת שבת; סוף סי' ש""ז — לעניין אמירה לעכו""ם ושבותין מקבילים."
sources/shabbat/siman-342/niveau-2-lamdan.html,bein-hashmashot+tosefet-meme-phrase,MOYENNE,"הציון ""ועיין לעיל סי' רס""א וסוף סי' ש""ז"" מפנה : סי' רס""א — לעניין עצם זמן בין השמשות ותוספת שבת; סוף סי' ש""ז — לעניין אמירה לעכו""ם ושבותין מקבילים."
sources/shabbat/siman-342/niveau-2-lamdan-he.html,bein-hashmashot+tosefet-meme-phrase,MOYENNE,"הציון ""ועיין לעיל סי' רס""א וסוף סי' ש""ז"" מפנה : סי' רס""א — לעניין עצם זמן בין השמשות ותוספת שבת; סוף סי' ש""ז — לעניין אמירה לעכו""ם ושבותין מקבילים."
sources/shabbat/siman-254/niveau-1-base.html,melange-shitot-chiffre,MOYENNE,"Pour approfondir ce siman : 📚 Niveau 2 — Lamdan : sougya Shabbat 18b–20a, מחלוקת רש״י/תוס׳ sur גדי vs שור, חקירת קרימת פנים (סימן or מציאות), בעיית רדייה, נפקא מינות modernes ✨ Niveau 3 — Synthèse : axiome, mnémoniques, arbre de décision 📜 Niveau 4 — Daat HaRav : la chitah de l'A"
