ID,URL,Fichier,Ligne,Langue,Siman,Seif,Niveau,Texte_actuel,Probleme,Source_primaire,Correction_proposee,Certitude,Validation_Rav
H-242-01,https://daattorah.com/oh/242/daat-harav,sources/shabbat/siman-242/niveau-4-daat-harav.html,798/696,FR+HE+EN,242,1,4-DaatHaRav,L.798: «pas un dérabanan mais une obligation deorayta robuste» / L.696: le Rav tranche «חמורים דברי סופרים» (=dérabanan renforcé),Contradiction interne au Niveau 4 sur le statut (déoraïta vs dérabanan) selon l'Admour HaZaken; contredit aussi index/N1/N3 qui disent dérabanan,Choulhan Aroukh HaRav 242; Kountress Aharon ot 1 (argumente une dimension déoraïta),Harmoniser: «dérabanan que le Rav démontre avoir valeur/force déoraïta» plutôt que «pas dérabanan»,moyenne,oui
H-242-02,https://daattorah.com/oh/242/,sources/shabbat/siman-242/index.html,669 / 530,FR+HE+EN,242,,Index,Index: «Le Yerushalmi rapporte … לוו עלי ואני פורע»,Attribution au Yerushalmi alors que les 4 niveaux citent Beitsa 15b (Bavli). לוו עלי ואני פורע est du Bavli Beitsa 15b,Bavli Beitsa 15b,"Corriger l'index: Beitsa 15b (Bavli), aligné sur les niveaux",haute,oui
H-242-03,https://daattorah.com/oh/242/synthese,sources/shabbat/siman-242/niveau-3-synthese.html,494,FR+HE,242,,3-Synthese,"N3: camp déoraïta = «Rashi, Rambam ad loc, Yereim, Ribash»","Rambam classé côté déoraïta ici, mais dérabanan partout ailleurs (N1 601, index 642); probable confusion Rambam(רמב״ם)/Ramban(רמב״ן) — c'est Ramban au N1",Rambam Hil. Shabbat 30:1 (dérabanan); Ramban (déoraïta),Remplacer Rambam par Ramban dans le camp déoraïta du N3,moyenne,oui
H-242-04,https://daattorah.com/oh/242/base,sources/shabbat/siman-242/niveau-1-base.html,597/1051 vs 494/563,FR+HE+EN,242,,1-Base vs 3/Index,N1+N2: opinion déoraïta ancrée sur «מקראי קודש» (Vayikra 23:2); N3+index: sur «וקראת לשבת ענג» (Yeshayahu 58:13),Verset-source divergent pour la même opinion (Rashi/Yereim/Rivash) selon le niveau,Rashi Beitsa 15b (וקראת לשבת ענג); Ramban (מקראי קודש),Uniformiser le verset-source par opinion,moyenne,oui
H-242-05,https://daattorah.com/oh/242/,sources/shabbat/siman-242/index.html,535 / 660,FR+HE+EN,242,,Index vs niveaux,Index: Tikkun Ezra «Bava Kama 113»; niveaux: «Bava Kama 82a»,Folio divergent; les 10 תקנות עזרא sont en Bava Kama 82a,Bavli Bava Kama 82a,Corriger l'index en Bava Kama 82a,haute,oui
H-242-06,https://daattorah.com/oh/242/synthese,sources/shabbat/siman-242/niveau-3-synthese.html,616 vs 704,FR+HE,242,,3-Synthese,«עשה שבתך חול»: Pessahim 113a (L.616) et Pessahim 112a (L.704) dans le même niveau,Incohérence interne de folio (112 vs 113),Bavli Pessahim 112a,Uniformiser le folio,moyenne,oui
H-242-07,https://daattorah.com/oh/242/daat-harav,sources/shabbat/siman-242/niveau-4-daat-harav.html,791,FR,242,,4-DaatHaRav,"«Le Beit Yossef (siman תי""ח) suit cette ligne»",תי״ח=418 (Hil. Rosh Hodech) — référence surprenante dans un passage sur oneg Shabbat,À confirmer,Vérifier le numéro de siman du Beit Yossef,moyenne,oui
H-242-08,https://daattorah.com/oh/242/base,sources/shabbat/siman-242/niveau-1-base.html,938-939,FR+HE+EN,242,,1-Base,Encadré «Pour aller plus loin»: «Niveau 3 — Lamdan»,"Le Lamdan est le Niveau 2, pas 3 (erreur de numéro de niveau)",—,Corriger «Niveau 2 — Lamdan»,haute,non
H-242-09,https://daattorah.com/oh/242/synthese,sources/shabbat/siman-242/niveau-3-synthese.html,466 vs base 638,FR,242,,3 vs 1,«אפילו דבר מועט/כסא דהרסנא» attribué à Rav Papa (N3) vs Rav Chiya bar Ashi amar Rav (N1),Attribution d'auteur divergente (sougya Shabbat 118b),Bavli Shabbat 118b,Vérifier l'attribution,basse,oui
H-243-01,https://daattorah.com/oh/243/,sources/shabbat/siman-243/index.html,402-413,FR+HE+EN,243,1-2,Index vs niveaux,Boîte séif index: «Seif Beit = le champ (métayage)» / N1 L.554 & N3 L.523: «Seif Beit = les 5 dérogations (אפילו מרחץ או תנור…)»,Découpage des seifim contradictoire (2 schémas). Le vrai Seif 2 du Choulhan Aroukh (les 5 dérogations) est absent des boîtes index; contradiction interne aussi dans index.html (boîte vs FAQ) et niveau-2-lamdan (boîte vs section 12),Choulhan Aroukh OH 243 (2 seifim) — le site le cite correctement au niveau-1,Harmoniser toutes les pages sur le découpage réel (Schéma A) et réintégrer le vrai Seif 2 dans les 3 index,haute,oui
H-243-02,https://daattorah.com/oh/243/daat-harav,sources/shabbat/siman-243/niveau-4-daat-harav.html,7 / 311-312,FR,243,,4-DaatHaRav,<title> ET JSON-LD headline (L.311) = «Siman 242»; description JSON-LD (L.312) tronquée «…La chitah de l»,"Bug «Siman 242» présent aussi dans le JSON-LD headline, pas seulement le <title>. HE/EN corrects (רמ״ג)",—,Corriger 242→243 dans <title> ET JSON-LD; compléter la description tronquée,haute,non
H-243-03,https://daattorah.com/oh/243/daat-harav,sources/shabbat/siman-243/niveau-4-daat-harav.html,706/713/721,FR+HE+EN,243,,4-DaatHaRav,Tableau comparatif: textes entre guillemets attribués au Mehaber/Rama ne correspondant pas au texte réel du Choulhan Aroukh (paraphrases présentées comme citations verbatim),Paraphrase présentée comme citation exacte; ex L.713 décrit une השכרה alors que le SA fonde le champ sur l'אריסות,"Choulhan Aroukh OH 243 (texte réel, cité correctement en index/niveau-1)","Distinguer typographiquement paraphrase et citation, ou rétablir le verbatim",moyenne,oui
H-243-04,https://daattorah.com/oh/243/,sources/shabbat/siman-243/index.html,388 vs 418,FR+HE+EN,243,,Index,Tag «3 niveaux disponibles» / og / JSON-LD «en 3 niveaux» mais en-tête «Les 4 niveaux d'étude» + carte Niveau 4 «Disponible»,"Compteur de niveaux incohérent (3 vs 4) au sein des index, identique dans les 3 langues",—,Mettre à jour le compteur à 4 niveaux,haute,non
H-243-05,https://daattorah.com/oh/243/synthese,sources/shabbat/siman-243/niveau-3-synthese.html,882,FR+HE+EN,243,,3-Synthese,«Tu as étudié le Siman רמ״ג en 3 niveaux»,Formulation «3 niveaux» résiduelle (antérieure à l'ajout du Niveau 4),—,Actualiser en 4 niveaux,haute,non
H-243-06,https://daattorah.com/oh/243/,sources/shabbat/siman-243/index.html,7 / 407,FR+EN,243,,Index/1-Base,<title> index tronqué «…à un |»; niveau-1-base-en <title> tronqué «Renting Out a Field or |»; traduction FR Seif Alef tronquée (L.407),Titres et traduction tronqués (cosmétique/SEO),—,Compléter les titres et la traduction,haute,non
H-245-01,https://daattorah.com/oh/245/base,sources/shabbat/siman-245/niveau-1-base-he.html,534/536/550/1071 vs 1125,HE,245,,1-Base,Base HE: «ב׳ סעיפים / שני סעיפי השולחן ערוך» (2) mais corps présente 6 blocs (סעיף א–ו) et L.1125 «ששת הסעיפים»,Divergence FR/EN(6) vs HE(2) + contradiction interne HE (2 vs 6). Artefact d'une MàJ 2→6 non propagée en HE,Choulhan Aroukh OH 245 = 6 seifim (Mehaber),Mettre «6» partout en HE,haute,non
H-245-02,https://daattorah.com/oh/245/synthese,sources/shabbat/siman-245/niveau-3-synthese.html,402/423,FR+HE+EN,245,,3-Synthese,«Seifim: 19 (Mehaber et Admour HaZaken)» + «N1 (concepts + 19 seifim)»,"Conflation: le Mehaber a 6 seifim, seul le Choulhan Aroukh HaRav en a 19. Contredit N1 (L.570 «6 séifim» / L.1298 «19 du Choulhan Aroukh HaRav»)",Mehaber=6 / Choulhan Aroukh HaRav=19,"Distinguer: Mehaber 6, Admour HaZaken 19",moyenne,oui
H-245-03,https://daattorah.com/oh/245/,sources/shabbat/siman-245/index.html,153-155,FR+HE+EN,245,,Index,"Bloc seif-info libellé «שולחן ערוך עם הגהות הרמ״א» mais texte reproduit = celui du Choulhan Aroukh HaRav (19 séifim, identique au niveau-4 L.379)","Attribution erronée: le texte affiché est du שו״ע הרב, pas Mehaber+Rama. Idem N2 L.297 (19 séifim attribués au Choulhan Aroukh standard)",Choulhan Aroukh HaRav (19) vs Mehaber+Rama (6),"Corriger le libellé, ou afficher le vrai texte Mehaber+Rama",haute,oui
H-245-04,https://daattorah.com/oh/245/daat-harav,sources/shabbat/siman-245/niveau-4-daat-harav.html,656/703/752,FR+HE+EN,245,,4-DaatHaRav vs 1/2/3,N4: «refonte du partnership avec condition rétroactive» comme voie de réparation valide,"Contredit N2 L.369 «תנאי מאוחר מועיל רק לעתיד, לא רטרואקטיבית» et N3 L.345 «futur tnai only» et N1 «no retroactive havla'ah»",À confirmer (sources primaires sur תנאי rétroactif),Harmoniser le vocabulaire de réparation entre niveaux,moyenne,oui
H-245-05,https://daattorah.com/oh/245/,sources/shabbat/siman-245/index.html,8/17,FR+EN+HE,245,,Index,"meta-description & og:title cassés par le guillemet de רמ""ה: content=""Siman רמ""ה — …"" (le "" ferme l'attribut)",Balise meta malformée (échappement HTML du gershayim). SEO seulement,—,Échapper le guillemet (&quot; ou ״ typographique) dans les attributs,haute,non
H-245-06,https://daattorah.com/oh/245/en,sources/shabbat/siman-245/index-en.html,137,EN,245,,Index,Fil d'Ariane EN «Siman 245» alors que FR/HE utilisent le numéral hébraïque רמ״ה,Incohérence cosmétique de fil d'Ariane entre langues,—,Uniformiser,moyenne,non
H-246-01,https://daattorah.com/oh/246/,sources/shabbat/siman-246/index.html,412-415,FR+HE+EN,246,1,Index/N2/N3 vs N1/N4,index/N2/N3: «אסור אפילו להשאיל כליו לגוי בערב שבת» (prêt INTERDIT) / index.md+N1(L.582)+N4(L.755): «ומותר להשאיל לו בערב שבת» (prêt PERMIS) — les deux citant le Rama,Contradiction sur le pesak central (peut-on prêter en érev Shabbat). Le camp «permis» correspond au texte canonique du repo (index.md). Incohérence interne établie par lecture,Choulhan Aroukh + Rama OH 246:1 (Sefaria),"Trancher le texte/la conclusion, aligner index/N2/N3 sur N1/N4/index.md",moyenne,oui
H-246-02,https://daattorah.com/oh/246/,sources/shabbat/siman-246/index.html,412 / niveau-2 473,FR+HE+EN,246,1,Index/2-Lamdan,"Citation «verbatim» du Mehaber 246:1 = «אסור להשכיר כליו לגוי כשהוא יודע… אבל אם אינו יודע, מותר» ne correspondant pas au texte canonique (index.md L.20 / N1 L.582: «מותר להשאיל ולהשכיר…»)",Paraphrase/texte non authentique présenté comme verbatim du Choulhan Aroukh 246:1,Choulhan Aroukh OH 246:1,Rétablir le verbatim exact,moyenne,oui
H-246-03,https://daattorah.com/oh/246/daat-harav,sources/shabbat/siman-246/niveau-4-daat-harav.html,7 / 311,FR,246,,4-DaatHaRav,<title> ET JSON-LD headline (L.311) = «Siman 242»,"Bug «Siman 242» au <title> ET au headline JSON-LD (2 emplacements). Corps correct (רמ״ו ×16), HE/EN corrects",—,Corriger 242→246 aux 2 emplacements,haute,non
H-246-04,https://daattorah.com/oh/246/synthese,sources/shabbat/siman-246/niveau-3-synthese.html,(couverture),FR+HE+EN,246,2-5,3-Synthese,"N3 ne traite que le seif א (שכר שבת) et n'évoque jamais les seifim ב–ה (שביתת בהמתו, interdit déoraïta) que N1 et N4 couvrent",Périmètre incomplet: la Synthèse omet la moitié biblique du siman (l'animal). L'index cadre aussi le siman comme «Seif Alef» seul alors que N1 couvre 5 séifim,Choulhan Aroukh OH 246 (5 seifim Mehaber),Compléter la Synthèse avec שביתת בהמתו,moyenne,non
H-246-05,https://daattorah.com/oh/246/lamdan,sources/shabbat/siman-246/niveau-2-lamdan.html,375-377 / 411 vs 623,FR+HE+EN,246,1,2-Lamdan,"N2 «לשון השו״ע 246:1» = 3e libellé encore différent (נותנין כלים לכובס נכרי…, proche siman 252); réf Rambam incohérente en interne: §2 «פ״ו ה״א» vs §13/sources «פ״ו ה״ט–ה״כ»",3e version du «texte de 246:1» + référence Rambam interne divergente,Choulhan Aroukh OH 246:1 ; Rambam Hil. Shabbat ch.6,Harmoniser le verbatim et la référence Rambam,basse,oui
H-246-06,https://daattorah.com/oh/246/synthese,sources/shabbat/siman-246/niveau-3-synthese.html,683,FR+HE+EN,246,,3-Synthese,Lien nav «← Niveau 3 — Lamdan» (le href pointe bien vers /lamdan mais le libellé dit Niveau 3),"Le Lamdan est le Niveau 2 — libellé faux (récurrent, cf 242)",—,Corriger le libellé en «Niveau 2 — Lamdan»,haute,non
H-246-07,https://daattorah.com/oh/246/,sources/shabbat/siman-246/index.html,398/21/29/42,FR+HE+EN,246,,Index,«3 niveaux disponibles» / og / twitter / JSON-LD «en 3 niveaux» alors que la grille affiche 4 niveaux,Compteur de niveaux périmé (3 vs 4) — récurrent (cf 243),—,Mettre à jour à 4 niveaux,haute,non
H-247-01,https://daattorah.com/oh/247/base,sources/shabbat/siman-247/niveau-1-base.html,581-584 vs 935/1058,FR,247,"3,5,6",1-Base,"TOC FR: «Séif ג — part de lui-même / ה — permissif dim-mer / ו — livreur à la journée» mais sections réelles: ג=salarié à la journée (L.935), ה=part de lui-même (L.1058), ו=salarié à l'année",TOC FR désynchronisée du contenu réel; le tableau récap FR (L.619) et la TOC HE (L.489) sont corrects — défaut isolé au FR,—,Corriger la TOC FR pour refléter ג/ה/ו réels,haute,non
H-247-02,https://daattorah.com/oh/247/daat-harav,sources/shabbat/siman-247/niveau-4-daat-harav.html,630 vs 437-438,FR+HE+EN,247,6,4-DaatHaRav,"«חידוש ד» conclut: «plus permissif pour les lettres, plus strict pour les objets» / mais le seif ו reproduit (L.437) tranche par la RECONNAISSABILITÉ (כתב יד ישראל נִכָּר=strict; כתב יד נכרי et objets non identifiables=permis)","La conclusion pratique du חידוש ד est inversée par rapport au seif ו qu'elle prétend synthétiser (critère = reconnaissabilité, pas information vs matière)",Choulhan Aroukh HaRav 247:6,Réécrire le חידוש ד selon le seif ו,moyenne,oui
H-247-03,https://daattorah.com/oh/247/base,sources/shabbat/siman-247/niveau-1-base.html,1200 vs 603/800,FR+HE+EN,247,1,1/2/3 vs 4,"«Citation littérale du Rama»: «מיום ראשון ועד יום רביעי» (dim→mer, exclut jeudi) / mais glose Rama réellement reproduite (L.603): «ביום ה' או קודם» (jeudi ou avant) et N4 (L.426): «בד' וה'»",Citation du Rama non conforme à la glose reproduite; jour-limite divergent entre niveaux (mercredi N1-3 vs jeudi N4/glose),Tour / Rama / Choulhan Aroukh HaRav OH 247,Trancher jour-limite et rétablir le verbatim,moyenne,oui
H-247-04,https://daattorah.com/oh/247/base,sources/shabbat/siman-247/niveau-1-base.html,1105 vs niveau-4 503,FR+HE+EN,247,5,1/3/blog vs 4,N1 «permis בכל גוונא» / N3 «permis dans tous les cas» / blog «permis dans tous les cas» pour «le non-juif part de lui-même» / mais N4 (סעיף יב L.503): «יש להחמיר שלא לשלוח בידו כשלא קצץ»,Contradiction entre niveaux: le takeaway permissif N1-3 contredit la חומרא de l'Admour HaZaken (autorité de référence du site) sans caveat,Choulhan Aroukh HaRav 247:12,Ajouter un caveat Daat HaRav aux niveaux 1-3,moyenne,oui
H-247-05,https://daattorah.com/oh/247/lamdan,sources/shabbat/siman-247/niveau-2-lamdan.html,775,FR+HE+EN,247,,2-Lamdan,"«תוספות (שבת י״ט. ד״ה בד' וה') … הסבר: בארבעה וחמישה (=ראשון, שני, שלישי, רביעי)»",Glose contradictoire dans la même phrase: «בד׳ וה׳» (jours 4-5=mer-jeu) assimilé à «ראשון…רביעי» (jours 1-4),Tossafot Shabbat 19a,Corriger l'explication des jours,moyenne,oui
H-247-06,https://daattorah.com/oh/247/daat-harav,sources/shabbat/siman-247/niveau-4-daat-harav.html,550/552-580,FR+HE+EN,247,1,4-DaatHaRav,"Tableau: «citation» Mehaber 247:1 non conforme au verbatim reproduit ailleurs; colonnes Michna Beroura (MB 247:1-4…) avec exemples anachroniques (Western Union, Pony Express, pneumatiques de Paris)",Paraphrase présentée comme citation + attributions MB seif-katan et sources non vérifiables/reconstruites,Choulhan Aroukh 247:1 ; Michna Beroura 247,Sourcer ou retirer les attributions MB; rétablir le verbatim Mehaber,basse,oui
H-247-07,https://daattorah.com/oh/247/daat-harav,sources/shabbat/siman-247/niveau-4-daat-harav.html,667,FR+HE+EN,247,,4-DaatHaRav,למעשה ⑥ «Mahadoura Batra: l'Admour HaZaken a revisité… vérifier la mahadoura batra»,Le siman 247 du Choulhan Aroukh HaRav n'a pas de מהדורא בתרא (celles-ci concernent les premiers simanim) — renvoi vers un texte dont l'existence n'est pas établie,Choulhan Aroukh HaRav (structure mahadura batra),Vérifier/retirer la mention,basse,oui
H-247-08,https://daattorah.com/oh/247/,sources/shabbat/siman-247/index.html,151 / 143,FR,247,,Index,Titre «Les 3 niveaux d'étude» (FR) vs «4 רמות»/«4 levels» (HE/EN) avec 4 cartes affichées; sous-titre hero FR tronqué «application dire»,Compteur 3 vs 4 (divergence FR/HE/EN) + sous-titre tronqué en plein mot (HE/EN complets),—,Mettre «4 niveaux» + compléter le sous-titre FR,haute,non
H-244-01,https://daattorah.com/oh/244/base,sources/shabbat/siman-244/niveau-1-base.html,1117/1275 vs 639/669,FR+HE+EN,244,"4,6",1-Base,Étude «séif ד = transport/techoum» mais texte cité du séif ד (L.639) = פרהסיא/bateau notoirement juif; étude «séif ו = marge de temps» mais texte cité (L.669) = יהודי fermier de l'impôt (מכס),Les seifim ד et ו ÉTUDIÉS ne correspondent pas aux seifim CITÉS — décalage de correspondance des 6 seifim du Mehaber. Identique FR/HE/EN,Choulhan Aroukh OH 244 (6 seifim Mehaber),"Rétablir la vraie correspondance des 6 seifim (techoum=séif א, פרהסיא=ד, מכס=ו)",moyenne,oui
H-244-02,https://daattorah.com/oh/244/synthese,sources/shabbat/siman-244/niveau-3-synthese.html,408/430 & lamdan 296,FR+HE+EN,244,,3/2 vs 1,Synthèse: «Seifim: 22 (Mehaber)»; Lamdan: «שולחן ערוך… כ״ב סעיפים» / mais Base: «6 séifim de Rabbi Yossef Karo» (texte «וּבוֹ ו׳ סְעִיפִים»),Contradiction inter-niveaux sur le compte du Mehaber (6 vs 22); «22 (Mehaber)» est faux — 22 = compte de l'Admour HaZaken,Mehaber=6 / Choulhan Aroukh HaRav=22,"Corriger Synthèse/Lamdan: Mehaber 6, Admour HaZaken 22",haute,oui
H-244-03,https://daattorah.com/oh/244/base/en,sources/shabbat/siman-244/niveau-1-base-en.html,946/1115/1215/1317/1426,EN,244,,1-Base,"Base EN: 5 tableaux «Mishnah Berurah (244:1-4 / 13-22 / 23-27 / 28-32 / 33-37)» présents en anglais, ABSENTS en FR et HE",Parité trilingue rompue; en plus les plages MB sont accrochées aux études mal-attribuées (cf H-244-01),Michna Beroura 244,Décider quelle version fait foi; vérifier les plages MB,moyenne,oui
H-244-04,https://daattorah.com/oh/244/daat-harav/en,sources/shabbat/siman-244/niveau-4-daat-harav-en.html,537,EN,244,,4-DaatHaRav,Traduction EN du Kountress Aharon אות א tronquée par 5 ellipses + commentaire éditorial «<!-- to verify -->» resté dans le HTML livré,Traduction EN incomplète (FR complète L.629) + artefact de production «to verify» en ligne,Kountress Aharon (Choulhan Aroukh HaRav 244),"Compléter la traduction EN, retirer le commentaire",haute,non
H-244-05,https://daattorah.com/oh/244/base,sources/shabbat/siman-244/niveau-1-base.html,1061 vs 624,FR+HE+EN,244,3,1-Base,Étude séif ג: le Rama «conclut: המדקדק יביא ברכה על עצמו» / mais glose Rama citée sur 244:3 (L.624) = «מיהו אם התנה ישראל… אין לחוש» (renvoi תקמ״ג) — la formule n'y figure pas,Conclusion attribuée au Rama absente de la glose citée,Rama OH 244:3,Vérifier la localisation réelle de la formule,basse,oui
H-244-06,https://daattorah.com/oh/244/base,sources/shabbat/siman-244/niveau-1-base.html,1207 vs 654,FR+HE+EN,244,5,1-Base,"Texte 244:5 = deux conditions «שלא יחשוב עמו יום יום, ולא יעשה המלאכה בבית ישראל» / étude remplace «ne pas compter jour par jour» par «marge de temps pour finir avant Shabbat»",Une des deux conditions du texte remplacée par une condition absente du texte,Choulhan Aroukh OH 244:5,Rétablir la condition «לא יחשוב עמו יום יום»,basse,oui
H-244-07,https://daattorah.com/oh/244/daat-harav,sources/shabbat/siman-244/niveau-4-daat-harav.html,796,FR+EN,244,,4-DaatHaRav,"Sous-titre Section 4: «סיכות» au lieu de «שיחות» (FR L.796, EN L.708); HE correct (שיחות)",Coquille hébraïque (typo) en FR et EN,—,Corriger סיכות→שיחות,haute,non
H-244-08,https://daattorah.com/oh/244/en,sources/shabbat/siman-244/niveau-1-base-en.html,532,EN,244,,1-Base,Base EN: mot français «séifim» resté dans la page anglaise (hero-meta «6 séifim (Mechaber)»); meta description EN tronquée (L.8),Résidu de langue FR dans page EN + meta tronquée,—,Traduire «seifim» + corriger meta,moyenne,non
H-293-01,https://daattorah.com/oh/293/daat-harav,sources/shabbat/siman-293/niveau-4-daat-harav.html,497 vs 415,FR+HE+EN,293,3-4,4-DaatHaRav/Index,«② Ajouter אתה חוננתנו dans la 4e brakha — Réf: Choulhan Aroukh HaRav רצ״ג:3-4» / mais le seif ד reproduit (L.415) = «והוא רחום + ברכו» (aucun אתה חוננתנו),"Misattribution: אתה חוננתנו / havdala dans la tefilla est le siman 294 (confirmé par la nav voisine), pas 293. Propagé dans 7 fichiers (index ×3, index.md, niveau-4 ×3). Niveaux 1-3 corrects",Choulhan Aroukh OH 294 (havdala bitfila) vs 293,Rattacher אתה חוננתנו au siman 294; corriger le renvoi רצ״ג:3-4,moyenne,oui
H-293-02,https://daattorah.com/oh/293/base,sources/shabbat/siman-293/niveau-1-base.html,362 vs synthese 349,FR+HE+EN,293,,1-Base vs 3-Synthese,Tzeit (shkia→3 petites étoiles): N1 «environ 35-45 minutes» / N3 «environ 15-30 min»,"Divergence chronologique inter-niveaux: deux fourchettes non chevauchantes pour le même intervalle. Cohérent entre langues (erreur de fond, pas de traduction)",À confirmer (tzeit selon latitude/saison),Harmoniser la fourchette du tzeit entre N1 et N3,moyenne,oui
H-293-03,https://daattorah.com/oh/293/base,sources/shabbat/siman-293/niveau-1-base.html,7/17/23 (12 pages niveaux),FR+HE+EN,293,,1/2/3/4,"Numéral רצ״ג avec guillemet ASCII dans content=""…"" -> ferme l'attribut. 12 pages de niveaux (description/og/twitter cassés); JSON-LD description tronquée à «Niveau 1 (Base) du Siman רצ»",Instance locale du bug systémique T-META-GERSHAYIM (les index sont épargnés car échappés רצ&quot;ג),—,Échapper le gershayim dans les attributs,haute,non
H-293-04,https://daattorah.com/oh/293/en,sources/shabbat/siman-293/index-en.html,8,EN,293,,Index,"meta description EN cassée ET tronquée: «…The Alter Rebbe's shitah on…""Atah Chonantanu"" in the Amidah…» (guillemets droits autour de ""Atah Chonantanu"")",Meta EN cassée par guillemets droits + tronquée; FR/HE utilisent « … » et sont propres,—,"Échapper/retirer les guillemets droits, compléter",moyenne,non
H-293-05,https://daattorah.com/oh/293/,sources/shabbat/siman-293/index.html,151,FR,293,,Index,«Les 3 niveaux d'étude» (FR) suivi de 4 cartes / HE «ארבע רמות» et EN «The 4 levels» corrects,"Compteur 3 vs 4, seul le FR erroné (divergence FR vs HE/EN)",—,Mettre «4 niveaux» en FR,haute,non
H-293-06,https://daattorah.com/oh/293/base,sources/shabbat/siman-293/niveau-1-base.html,457 vs 481,FR+HE+EN,293,,1-Base,"Citation MB: «המזמור אלהים יחננו [תהלים ס""ו]» (66) / sections pratiques: «Tehilim 67»",Incohérence interne du n° de mizmor (66 vs 67); אלהים יחננו ouvre le Psaume 67,Tehilim 67 ; Michna Beroura 295,Trancher 66/67 (probablement 67),basse,oui
H-293-07,https://daattorah.com/oh/293/lamdan,sources/shabbat/siman-293/niveau-2-lamdan-he.html,6 / en:7,HE+EN,293,,2-Lamdan,Méta EN/HE en français: titre HE «רמה 2 — Arvit du soir de la sortie de | הלכות שבת» (tronqué); description EN en français,Fuites de langue française dans les méta des pages HE/EN + titre HE tronqué,—,Traduire les méta HE/EN,moyenne,non
H-293-08,https://daattorah.com/oh/293/lamdan,sources/shabbat/siman-293/niveau-2-lamdan.html,500,FR+EN,293,,2-Lamdan,Lien footer «Soutenir» pointe vers ../../../soutenir-he.html (libellé hébreu ♥ תמיכה) sur les pages FR et EN,Lien de langue incorrect: FR/EN devraient pointer vers soutenir.html / soutenir-en.html,—,Corriger les cibles selon la langue,moyenne,non
H-293-09,https://daattorah.com/oh/293/daat-harav,sources/shabbat/siman-293/niveau-4-daat-harav.html,457,FR+HE+EN,293,,4-DaatHaRav,Section Chidouch: un seul chidoush avec «Position classique : —» (placeholder vide),Contenu Daat HaRav incomplet (placeholder),—,Compléter ou retirer le placeholder,haute,non
H-261-01,https://daattorah.com/oh/261/daat-harav,sources/shabbat/siman-261/niveau-4-daat-harav.html,(section 5 למעשה ④),FR+HE+EN,261,5-6,4-DaatHaRav,"«④ En cas de retard: allumer même bein hashemashot, sans bracha… Réf: Choulhan Aroukh HaRav רס״א:5-6»","CRITIQUE: contredit N1 (tableau: allumer pendant בין השמשות par un Juif = Interdit), N3, le blog, ET le texte de l'Admour reproduit sur la même page (seif א: מלאכה interdite מן התורה à בין השמשות). La plupart des poskim n'autorisent pas le Juif à allumer lui-même à בין השמשות",Choulhan Aroukh HaRav OH 261 seif א,Reformuler ④ (allumage par un Juif interdit à בין השמשות),moyenne,oui
H-261-02,https://daattorah.com/oh/261/daat-harav,sources/shabbat/siman-261/niveau-4-daat-harav.html,"(tableau כח הפסק, cellule Mehaber)",FR+HE,261,,4-DaatHaRav,"«Shabbat 34a, מחלוקת רב יהודה / רב נחמן» (FR+HE) / EN dit «Nechemiah»; N2 Lamdan (3 langues) cite correctement «ר' יהודה … ר' נחמיה»","Nom d'Amora erroné: רב נחמן au lieu de ר' נחמיה (FR+HE faux, EN correct)",Bavli Shabbat 34a,Corriger רב נחמן → ר' נחמיה en FR et HE,haute,oui
H-261-03,https://daattorah.com/oh/261/base,sources/shabbat/siman-261/niveau-1-base.html,(couverture),FR+HE+EN,261,,1-Base vs 3/4,"Couverture Base: «…22 min à Jérusalem; 40 min chez les hassidim» / mais même page Cas 2: «Yerushalayim et Bnei Brak (40 min)», N3 «40 min avant», N4 «40 minutes»",«22 min à Jérusalem» contredit «40 min» partout ailleurs (interne + inter-niveaux). Le minhag de Jérusalem couramment cité est 40 min,Minhag Yerushalayim (allumage 40 min avant),Harmoniser sur 40 min (ou trancher),moyenne,oui
H-261-04,https://daattorah.com/oh/261/daat-harav,sources/shabbat/siman-261/niveau-4-daat-harav.html,(tableau כח הפסק),FR+HE+EN,261,1-2,4-DaatHaRav,Citations «verbatim»: Mehaber 261:1 = «בין השמשות הוא ספק יום ספק לילה…» (≠ texte réel «ספק חשיכה והיא בין השמשות…»); Rama 261:2 = «והכי קיימא לן… tossefet» alors que la glose réelle du Rama 261:2 porte sur פלג המנחה («מפלג המנחה ואילך הרשות בידו»),Paraphrases présentées comme citations littérales + attribution erronée au Rama (contenu tossefet vs plag hamincha),Choulhan Aroukh OH 261:1-2 (+ glose Rama),Rétablir les verbatim exacts,moyenne,oui
H-261-05,https://daattorah.com/oh/261/daat-harav,sources/shabbat/siman-261/niveau-4-daat-harav.html,(למעשה ① + comparatif),FR+HE+EN,261,3-4,4-DaatHaRav,«① Allumer 18 minutes avant le coucher — Réf: Choulhan Aroukh HaRav רס״א:3-4» / comparatif «18 minutes… רס״א:5-6»,Le «18 minutes» est sourcé sur des seifim de l'Admour qui ne le contiennent pas (seif ה code un calcul en heures zmaniot relatives à שקיעה/צאת). Les 18 min sont un minhag postérieur,Choulhan Aroukh HaRav OH 261 seif ה,Corriger le sourçage des 18 min,basse,oui
H-261-06,https://daattorah.com/oh/261/,sources/shabbat/siman-261/index.html,151,FR,261,,Index,«Les 3 niveaux d'étude» (FR) suivi de 4 cartes / HE «ארבע רמות» et EN «The four levels» corrects,"Compteur 3 vs 4, seul le FR erroné",—,Mettre «4 niveaux» en FR,haute,non
H-261-07,https://daattorah.com/oh/261/daat-harav,sources/shabbat/siman-261/niveau-4-daat-harav.html,(comparatif),FR+HE+EN,261,,4-DaatHaRav vs 1/2,"בין השמשות ≈13,5 min (3/4 mil) attribué «selon Rabbenou Tam» (N4) mais «המחבר»/Geonim en Base/Lamdan; «18 min = plag haminha réduit» (N4) alors que פלג המנחה défini ≈1h15 ailleurs; tzeit «24-40 min selon le Gaon de Vilna» (douteux, le Gra tient un בה״ש court)",Attributions de shitot incohérentes entre niveaux + erreur conceptuelle (plag hamincha réduit) + attribution douteuse au Gra,À confirmer (shitot Guéonim/Rabbénou Tam/Gra),Harmoniser les attributions entre niveaux,basse,oui
H-261-08,https://daattorah.com/oh/261/daat-harav,sources/shabbat/siman-261/niveau-4-daat-harav.html,(comparatif renvois seifim),FR+HE+EN,261,,4-DaatHaRav,"Comparatif rattache בין השמשות à רס״א:1-2 et tossefet à רס״א:3-4 / mais texte reproduit: seif א-ג=בה״ש/קבלת שבת, ד-ה=תוספת שבת, ו=signes, ז=mizmor; réfs MB 261:1-6/7-12/13-15 non vérifiables",Renvois par numéro de seif structurellement décalés + réfs Michna Beroura fragiles,Choulhan Aroukh HaRav OH 261 (structure des seifim),Réaligner les renvois de seif,basse,oui
H-261-09,https://daattorah.com/oh/261/base,sources/shabbat/siman-261/niveau-1-base.html,(Cas 3 / tableau תוספת),FR+HE+EN,261,,1-Base,"«jusqu'à 13 min après le coucher» (Cas 3, N3) vs «13,5 min» ailleurs; ligne «18 minutes» notée «Calendrier juif universel»; sous-titre hero index FR tronqué «…18 minutes avant le co»","Arrondi 13/13,5 non harmonisé + «universel» pour un minhag + sous-titre tronqué (HE/EN complets)",—,"Harmoniser 13,5; nuancer «universel»; compléter le sous-titre",haute,non
H-263-01,https://daattorah.com/oh/263/daat-harav,sources/shabbat/siman-263/niveau-4-daat-harav.html,786/794/746 vs 492/503/514,FR+HE+EN,263,8-15,4-DaatHaRav,"§2/§3 renvois de seif faux: «fille dès 3 ans (263:11-12)», «voyage (263:13-15)», «kabbalat Shabbat (263:8-10)» / mais §1 même page: seif יא=nuit de tevila, יב=aveugle, יג=longueur bougie, יד=lieu; brakha=seif ח","Tout le système renvoi seif->contenu du niveau 4 est décorrélé du texte réel, auto-démenti par la section 1 de la même page. Identique 3 langues",Choulhan Aroukh HaRav OH 263 (seifim reproduits sur la page),Réassigner chaque chidoush/renvoi au bon seif,moyenne,oui
H-263-02,https://daattorah.com/oh/263/daat-harav,sources/shabbat/siman-263/niveau-4-daat-harav.html,745-746 / 812,FR+HE+EN,263,11-12,4-DaatHaRav,«Choulhan Aroukh de l'Admour HaZaken רס״ג:11-12 codifie… filles allument dès 3 ans (mivtza nechek du Rabbi)» + section «דברי הרבי» date la takana 5734/1974,Anachronisme: on attribue à l'Admour HaZaken (mort 1812) une pratique instituée par le Rabbi en 1974. Contradiction interne (la cellule MB dit correctement que c'est le minhag Habad du Rabbi),"Mivtza Neshek (Rabbi, 1974)",Retirer l'attribution à l'Admour HaZaken,moyenne,oui
H-263-03,https://daattorah.com/oh/263/daat-harav,sources/shabbat/siman-263/niveau-4-daat-harav.html,737 vs base 380,FR+HE+EN,263,5,4-DaatHaRav,Tableau (cellule Rama): «le Rama n'a pas de הגהה explicite sur l'ordre» / mais N1 (L.380) reproduit verbatim la glose Rama sur l'ordre: «יש מי שאומר שמברכין קודם… ויש מי שאומר… וכן המנהג (מהרי״ל)»,Affirmation fausse réfutée par le corpus du site lui-même,Rama OH 263:5,Corriger: le Rama a une hagaha explicite sur l'ordre,haute,oui
H-263-04,https://daattorah.com/oh/263/,sources/shabbat/siman-263/index.html,151,FR+HE+EN,263,,Index,"«Les 3 niveaux d'étude» (FR), «שלוש רמות» (HE), «The 3 levels» (EN) suivis de 4 cartes",Compteur 3 vs 4 dans les 3 langues (ici HE et EN aussi erronés),—,Mettre 4 niveaux,haute,non
H-248-01,https://daattorah.com/oh/248/base,sources/shabbat/siman-248/niveau-1-base.html,473 vs 478/482,FR+HE,248,1,1-Base,"Base FR+HE: «Dimanche, lundi, mardi, mercredi = permis (selon la majorité)» / mais même page L.478 «selon le Magen Avraham et la majorité, le mercredi est interdit», table L.482, EN correct, N3, N2, et Admour (seif א «ויום ד' בכלל האיסור»)",Statut permis/interdit erroné: le mercredi rangé en permis-majorité en FR+HE contredit tout le reste (interne + EN + niveaux + texte Admour),Choulhan Aroukh HaRav OH 248 seif א (Magen Avraham),Corriger: mercredi interdit selon la majorité (FR+HE),moyenne,oui
H-248-02,https://daattorah.com/oh/248/synthese,sources/shabbat/siman-248/niveau-3-synthese.html,338 vs 451,FR+HE+EN,248,,3-Synthese,"Concept 1: 3 jours interdits selon MA = mercredi-jeudi-vendredi / «Piège 4»: selon MA = jeudi-vendredi-shabbat (=décompte du Gra, pas du MA)",Misattribution au Magen Avraham d'un décompte (incluant Shabbat) qui est celui du Gra; contredit la même page,Magen Avraham / Gra sur les 3 jours,Corriger le Piège 4,moyenne,oui
H-248-03,https://daattorah.com/oh/248/daat-harav,sources/shabbat/siman-248/niveau-4-daat-harav.html,634/691 vs 513/523,FR+HE+EN,248,4-5-13-14,4-DaatHaRav,Caravane (שיירא) citée «רמ״ח:8-10» / texte réel de la caravane = seif יג-יד (13-14); Mehaber cité «OH 248:5» or le Mehaber n'a que 4 seifim; mitzva citée «248:4» au lieu du seif 1,Renvois de seif du niveau 4 incohérents avec le texte reproduit + référence à un seif 5 du Mehaber inexistant,Choulhan Aroukh OH 248 (4 seifim Mehaber / 14 SAR),Réaligner les renvois de seif,moyenne,oui
H-248-04,https://daattorah.com/oh/248/daat-harav,sources/shabbat/siman-248/niveau-4-daat-harav.html,676/685 / 633-640,FR+HE+EN,248,,4-DaatHaRav,"Chidoushim «כלי מסוים» et «hiérarchie tripartite des mitzvot» introuvables dans les seifim reproduits; MB avec chemins de fer (XIXe, Maharsham) et bateaux à vapeur (1810-1820); «arba'at yamim (4 jours)» accolé à une liste de 3 jours",Chidoushim non soutenus par le texte + descriptions MB anachroniques/non vérifiables + libellé 4 jours vs 3,Choulhan Aroukh HaRav OH 248,Vérifier/retirer (risque de source non attestée),basse,oui
H-248-05,https://daattorah.com/oh/248/,sources/shabbat/siman-248/index.html,7/143,FR,248,,Index,«Les 3 niveaux d'étude» FR (HE/EN=4); sous-titre hero FR tronqué «…si l'on sait qu'il s'étend» (HE/EN complets); <title> et JSON-LD headline tronqués avec suffixe «| Hilkhot Shabbat»,Compteur 3 vs 4 + sous-titre/titres tronqués (FR),—,Corriger compteur + compléter titres,haute,non
H-250-01,https://daattorah.com/oh/250/daat-harav,sources/shabbat/siman-250/niveau-4-daat-harav.html,523/570/622 vs 427/438/449/460,FR+HE+EN,250,5-8,4-DaatHaRav,"§2/§3/§5: «3 repas de Shabbat (ר״נ:5-6)» + «choix des plats poisson-viande-vin (250:7)» / mais §1 verbatim: seif 5=aiguiser le couteau, 6=formule kvod Shabbat, 7=acheter érev Shabbat, 8=goûter les plats. Mehaber 250:2 «יהא שולחנו ערוך» inventé (réel: «ירבה בבשר ויין ומגדנות»); Amoraïm erronés",Couche analytique du niveau 4 en contradiction frontale avec le texte source de la même page (thèmes 3 repas/choix des plats absents du siman) + Mehaber 250:2 fabriqué + Amoraïm faux,Choulhan Aroukh HaRav OH 250 (seifim reproduits),Réécrire l'appareil analytique selon le texte réel,moyenne,oui
H-250-02,https://daattorah.com/oh/250/he,sources/shabbat/siman-250/index-he.html,8/40 (+ niveau-4 FR),HE+FR,250,,Index/4,"index-he.html: ר״נ avec guillemet ASCII casse description/keywords/og/twitter (L.8-27) ET JSON-LD (headline L.40, description, breadcrumb); idem niveau-4-daat-harav.html FR (L.8/17/23)","Instance du bug gershayim, ici cassant aussi le JSON-LD (invalide). EN/HE des niveaux corrects",—,Échapper le gershayim,haute,non
H-250-03,https://daattorah.com/oh/250/,sources/shabbat/siman-250/index.html,151/20/143,FR+HE+EN,250,,Index,"«Les 3 niveaux» FR (HE/EN=4); meta FR/HE/EN annoncent «3 repas, choix des plats» comme sujets du siman (thèmes absents, hérités de C1); sous-titre hero FR tronqué «…Implication directe : parti»",Compteur 3 vs 4 + meta désindexant sur des thèmes absents + sous-titre tronqué,—,"Corriger compteur, meta et sous-titre",haute,non
H-249-01,https://daattorah.com/oh/249/daat-harav,sources/shabbat/siman-249/niveau-4-daat-harav.html,586 vs base 382,FR+HE+EN,249,3,4-DaatHaRav,"§2 attribue au Mehaber «OH 249:2-3 — אסור להתענות בערב שבת» (interdit de jeûner) / mais Mehaber 249:3 dit l'INVERSE: «דרך אנשי מעשה להתענות בכל ערב שבת» (les pieux jeûnent), confirmé par N1 L.382",INVERSION halakhique: la page affirme à la fois que le Mehaber interdit ET recommande le jeûne d'érev Shabbat. Citation verbatim fabriquée,Choulhan Aroukh OH 249:3,Corriger l'attribution (le Mehaber mentionne la coutume de jeûner),haute,oui
H-249-02,https://daattorah.com/oh/249/daat-harav,sources/shabbat/siman-249/niveau-4-daat-harav.html,592/600/696/698 vs 437-503,FR+HE+EN,249,4-5-6-8-12,4-DaatHaRav,"«OH 249:4 = אין הולכין לסעודה / ne pas commencer un nouveau projet» et «249:5 = ישתדל לאכול מעט (Eruvin 4b)» / mais 249:4=durée du jeûne, le Mehaber n'a que 4 seifim (pas de seif 5); renvois SAR «Netflix/6-8» et «jeûne/3-5» alors que 249:6-8=séoudat milah/eroussin/pidyon et le ta'anit=seif 12","Citations fabriquées + seif Mehaber 5 inexistant + faux mapping SAR contredit par la §1 de la même page; sources talmudiques (Souka 44b, Pessahim 50b) incohérentes avec N3 (Pessahim 99b)",Choulhan Aroukh OH 249 (4 seifim Mehaber / 13 SAR),Réécrire l'appareil analytique selon le texte réel,moyenne,oui
H-249-03,https://daattorah.com/oh/249/daat-harav,sources/shabbat/siman-249/niveau-4-daat-harav.html,700,FR+HE+EN,249,,4-DaatHaRav,«⑥ Mahadoura Batra: l'Admour HaZaken a révisé plusieurs positions sur le vendredi avec contraintes professionnelles. Réf: édition imprimée Kehot»,Affirmation invérifiable/vraisemblablement inventée (même registre anachronique que «Netflix»); récurrent (cf 247),Choulhan Aroukh HaRav OH 249,Vérifier/retirer,basse,oui
H-249-04,https://daattorah.com/oh/249/he,sources/shabbat/siman-249/index-he.html,8/40 (+niveau-4 FR),HE+FR,249,,Index/4,index-he.html: רמ״ט avec guillemet ASCII 14× casse description/og/twitter/keywords (L.8-27) ET JSON-LD (headline/description/keywords/name) -> @graph non parsable; niveau-4 FR 27× (L.8/17/23),Bug gershayim cassant meta ET données structurées (JSON-LD invalide). FR/EN index et HE/EN niveau-4 corrects,—,Échapper le gershayim,haute,non
H-249-05,https://daattorah.com/oh/249/base,sources/shabbat/siman-249/niveau-1-base-he.html,(structure),HE+EN,249,,1-Base,Base FR = 13 sections (études détaillées §6-9 + cas pratiques par seif); Base HE et EN = 10 sections (sans les études détaillées),"Parité trilingue rompue: contenu substantiel présent en FR, absent en HE/EN",—,Compléter HE/EN ou aligner,moyenne,non
H-249-06,https://daattorah.com/oh/249/base,sources/shabbat/siman-249/niveau-1-base.html,390 vs 497/873,FR,249,,1-Base,«La pratique habad… recommandent shikna (mi-jeûne)» / mais même page L.497 «Le ta'anit n'est pas une pratique habad recommandée» et L.873 «Non. La pratique Habad préfère…»,"Terme «shikna» non standard + tension interne (FR uniquement, absent HE/EN)",À confirmer,Vérifier le terme et la cohérence,basse,oui
H-249-07,https://daattorah.com/oh/249/daat-harav,sources/shabbat/siman-249/niveau-4-daat-harav.html,671,FR+EN,249,,4-DaatHaRav,"Titre de section «סיכות» au lieu de «שיחות» (FR L.671, EN L.586); HE correct",Coquille hébraïque (identique au siman 244) — probable défaut de gabarit partagé,—,Corriger סיכות→שיחות,haute,non
H-249-08,https://daattorah.com/oh/249/,sources/shabbat/siman-249/index.html,151/20/143,FR+EN,249,,Index,"«Les 3 niveaux» FR (HE/EN=4); og description FR/EN «ne pas commencer un nouveau projet» (thème inexistant, hérité de C1; absent HE); sous-titre hero FR tronqué + <title> N1 FR tronqué",Compteur 3 vs 4 + meta thème erroné + troncatures FR,—,"Corriger compteur, meta, troncatures",haute,non
H-256-01,https://daattorah.com/oh/256/daat-harav,sources/shabbat/siman-256/niveau-4-daat-harav.html,424,FR+HE+EN,256,,4-DaatHaRav,חידוש N4: «Chaque sonnerie marque une transition (champ → ville → maison → cuisine → table → silence)»,"Derash présenté comme le חידוש de l'Admour HaZaken, non sourcé et contredisant la séquence talmudique (Shabbat 35b) utilisée en N1 (L.407)/N2/blog (champs→ville→allumage→teka-teroua-teka)",Bavli Shabbat 35b,Réaligner sur la séquence talmudique ou marquer comme lecture homilétique,basse,oui
H-256-02,https://daattorah.com/oh/256/daat-harav,sources/shabbat/siman-256/niveau-4-daat-harav.html,8/17/23,FR,256,,4-DaatHaRav,"Meta N4 FR cassées par רנ""ו (guillemet ASCII): description/og:title/twitter:title tronqués à «Siman רנ»; JSON-LD description tronquée L.225",Bug gershayim (FR uniquement; HE/EN utilisent ״ et l'index échappe &quot;),—,Échapper le gershayim,haute,non
H-256-03,https://daattorah.com/oh/256/daat-harav,sources/shabbat/siman-256/niveau-4-daat-harav.html,432,FR,256,,4-DaatHaRav,"Titre de section «סיכות, מאמרים ואגרות הרבי» (id + h2) au lieu de «שיחות»; HE (L.404) et EN (L.409) corrects","Coquille hébraïque סיכות→שיחות, FR uniquement (récurrent: 244, 249)",—,Corriger סיכות→שיחות,haute,non
H-256-04,https://daattorah.com/oh/256/he,sources/shabbat/siman-256/niveau-4-daat-harav-he.html,7/205,HE,256,,4-DaatHaRav,<title> et JSON-LD headline: «סימן (סימן) 256 · רמה 4…» (duplication),Artefact de gabarit «Siman (Siman)» en HE (absent FR/EN),—,Retirer la duplication,moyenne,non
H-256-05,https://daattorah.com/oh/256/,sources/shabbat/siman-256/index.html,151/159,FR+HE+EN,256,,Index,«Les 3 niveaux d'étude» FR (HE/EN=4); carte Niveau 1 annonce «Mehaber et Mishnah Berurah» alors que N1 = Mehaber + glose Rama (pas de MB),Compteur 3 vs 4 (FR) + libellé de carte inexact (MB absent du N1),—,Corriger compteur et libellé de carte,haute,non
