ID,URL,Fichier,Ligne,Langue,Siman,Niveau,Type,Gravite,Texte_actuel,Probleme,Correction_proposee,Certitude,Validation_Rav
T0001,https://daattorah.com/offline.html,offline.html,,fr,,,SEO-canonical-manquant,MOYENNE,,canonical absent,Ajouter canonical,haute,non
T0002,https://daattorah.com/poc-corpus.html,poc-corpus.html,,fr,,,SEO-canonical-manquant,MOYENNE,,canonical absent,Ajouter canonical,haute,non
T0003,https://daattorah.com/oh/243/daat-harav,sources/shabbat/siman-243/niveau-4-daat-harav.html,,fr,243,4-DaatHaRav,numerotation-titre,CRITIQUE,Siman 242 · Niveau 4 — Chitah de l'Admour HaZaken | Hilkhot Shabbat,"Titre ""Siman 242"" mais siman URL = 243",Corriger en Siman 243,haute,oui
T0004,https://daattorah.com/oh/246/daat-harav,sources/shabbat/siman-246/niveau-4-daat-harav.html,,fr,246,4-DaatHaRav,numerotation-titre,CRITIQUE,Siman 242 · Niveau 4 — Chitah de l'Admour HaZaken | Hilkhot Shabbat,"Titre ""Siman 242"" mais siman URL = 246",Corriger en Siman 246,haute,oui
T0005,https://daattorah.com/yd/100/lamdan,sources/yoreh-deah/siman-100/niveau-2-lamdan.html,,fr,100,2-Lamdan,lang-incoherent,IMPORTANTE,he,"html lang=""he"" mais fichier FR","lang=""fr""",haute,non
T0006,https://daattorah.com/yd/100/lamdan,sources/yoreh-deah/siman-100/niveau-2-lamdan.html,,fr,100,2-Lamdan,hreflang-manquant,MOYENNE,[],hreflang fr absent,Compléter les 3 hreflang,haute,non
T0007,https://daattorah.com/yd/100/lamdan,sources/yoreh-deah/siman-100/niveau-2-lamdan.html,,fr,100,2-Lamdan,hreflang-manquant,MOYENNE,[],hreflang en absent,Compléter les 3 hreflang,haute,non
T0008,https://daattorah.com/yd/100/lamdan,sources/yoreh-deah/siman-100/niveau-2-lamdan.html,,fr,100,2-Lamdan,hreflang-manquant,MOYENNE,[],hreflang he absent,Compléter les 3 hreflang,haute,non
T0009,https://daattorah.com/yd/101/lamdan,sources/yoreh-deah/siman-101/niveau-2-lamdan.html,,fr,101,2-Lamdan,lang-incoherent,IMPORTANTE,he,"html lang=""he"" mais fichier FR","lang=""fr""",haute,non
T0010,https://daattorah.com/yd/101/lamdan,sources/yoreh-deah/siman-101/niveau-2-lamdan.html,,fr,101,2-Lamdan,hreflang-manquant,MOYENNE,[],hreflang fr absent,Compléter les 3 hreflang,haute,non
T0011,https://daattorah.com/yd/101/lamdan,sources/yoreh-deah/siman-101/niveau-2-lamdan.html,,fr,101,2-Lamdan,hreflang-manquant,MOYENNE,[],hreflang en absent,Compléter les 3 hreflang,haute,non
T0012,https://daattorah.com/yd/101/lamdan,sources/yoreh-deah/siman-101/niveau-2-lamdan.html,,fr,101,2-Lamdan,hreflang-manquant,MOYENNE,[],hreflang he absent,Compléter les 3 hreflang,haute,non
T0013,https://daattorah.com/yd/102/lamdan,sources/yoreh-deah/siman-102/niveau-2-lamdan.html,,fr,102,2-Lamdan,lang-incoherent,IMPORTANTE,he,"html lang=""he"" mais fichier FR","lang=""fr""",haute,non
T0014,https://daattorah.com/yd/102/lamdan,sources/yoreh-deah/siman-102/niveau-2-lamdan.html,,fr,102,2-Lamdan,hreflang-manquant,MOYENNE,[],hreflang fr absent,Compléter les 3 hreflang,haute,non
T0015,https://daattorah.com/yd/102/lamdan,sources/yoreh-deah/siman-102/niveau-2-lamdan.html,,fr,102,2-Lamdan,hreflang-manquant,MOYENNE,[],hreflang en absent,Compléter les 3 hreflang,haute,non
T0016,https://daattorah.com/yd/102/lamdan,sources/yoreh-deah/siman-102/niveau-2-lamdan.html,,fr,102,2-Lamdan,hreflang-manquant,MOYENNE,[],hreflang he absent,Compléter les 3 hreflang,haute,non
T0017,https://daattorah.com/yd/103/lamdan,sources/yoreh-deah/siman-103/niveau-2-lamdan.html,,fr,103,2-Lamdan,lang-incoherent,IMPORTANTE,he,"html lang=""he"" mais fichier FR","lang=""fr""",haute,non
T0018,https://daattorah.com/yd/103/lamdan,sources/yoreh-deah/siman-103/niveau-2-lamdan.html,,fr,103,2-Lamdan,hreflang-manquant,MOYENNE,[],hreflang fr absent,Compléter les 3 hreflang,haute,non
T0019,https://daattorah.com/yd/103/lamdan,sources/yoreh-deah/siman-103/niveau-2-lamdan.html,,fr,103,2-Lamdan,hreflang-manquant,MOYENNE,[],hreflang en absent,Compléter les 3 hreflang,haute,non
T0020,https://daattorah.com/yd/103/lamdan,sources/yoreh-deah/siman-103/niveau-2-lamdan.html,,fr,103,2-Lamdan,hreflang-manquant,MOYENNE,[],hreflang he absent,Compléter les 3 hreflang,haute,non
T0021,https://daattorah.com/yd/104/lamdan,sources/yoreh-deah/siman-104/niveau-2-lamdan.html,,fr,104,2-Lamdan,lang-incoherent,IMPORTANTE,he,"html lang=""he"" mais fichier FR","lang=""fr""",haute,non
T0022,https://daattorah.com/yd/104/lamdan,sources/yoreh-deah/siman-104/niveau-2-lamdan.html,,fr,104,2-Lamdan,hreflang-manquant,MOYENNE,[],hreflang fr absent,Compléter les 3 hreflang,haute,non
T0023,https://daattorah.com/yd/104/lamdan,sources/yoreh-deah/siman-104/niveau-2-lamdan.html,,fr,104,2-Lamdan,hreflang-manquant,MOYENNE,[],hreflang en absent,Compléter les 3 hreflang,haute,non
T0024,https://daattorah.com/yd/104/lamdan,sources/yoreh-deah/siman-104/niveau-2-lamdan.html,,fr,104,2-Lamdan,hreflang-manquant,MOYENNE,[],hreflang he absent,Compléter les 3 hreflang,haute,non
T0025,https://daattorah.com/yd/105/lamdan,sources/yoreh-deah/siman-105/niveau-2-lamdan.html,,fr,105,2-Lamdan,lang-incoherent,IMPORTANTE,he,"html lang=""he"" mais fichier FR","lang=""fr""",haute,non
T0026,https://daattorah.com/yd/105/lamdan,sources/yoreh-deah/siman-105/niveau-2-lamdan.html,,fr,105,2-Lamdan,hreflang-manquant,MOYENNE,[],hreflang fr absent,Compléter les 3 hreflang,haute,non
T0027,https://daattorah.com/yd/105/lamdan,sources/yoreh-deah/siman-105/niveau-2-lamdan.html,,fr,105,2-Lamdan,hreflang-manquant,MOYENNE,[],hreflang en absent,Compléter les 3 hreflang,haute,non
T0028,https://daattorah.com/yd/105/lamdan,sources/yoreh-deah/siman-105/niveau-2-lamdan.html,,fr,105,2-Lamdan,hreflang-manquant,MOYENNE,[],hreflang he absent,Compléter les 3 hreflang,haute,non
T0029,https://daattorah.com/yd/106/lamdan,sources/yoreh-deah/siman-106/niveau-2-lamdan.html,,fr,106,2-Lamdan,lang-incoherent,IMPORTANTE,he,"html lang=""he"" mais fichier FR","lang=""fr""",haute,non
T0030,https://daattorah.com/yd/106/lamdan,sources/yoreh-deah/siman-106/niveau-2-lamdan.html,,fr,106,2-Lamdan,hreflang-manquant,MOYENNE,[],hreflang fr absent,Compléter les 3 hreflang,haute,non
T0031,https://daattorah.com/yd/106/lamdan,sources/yoreh-deah/siman-106/niveau-2-lamdan.html,,fr,106,2-Lamdan,hreflang-manquant,MOYENNE,[],hreflang en absent,Compléter les 3 hreflang,haute,non
T0032,https://daattorah.com/yd/106/lamdan,sources/yoreh-deah/siman-106/niveau-2-lamdan.html,,fr,106,2-Lamdan,hreflang-manquant,MOYENNE,[],hreflang he absent,Compléter les 3 hreflang,haute,non
T0033,https://daattorah.com/yd/107/lamdan,sources/yoreh-deah/siman-107/niveau-2-lamdan.html,,fr,107,2-Lamdan,lang-incoherent,IMPORTANTE,he,"html lang=""he"" mais fichier FR","lang=""fr""",haute,non
T0034,https://daattorah.com/yd/107/lamdan,sources/yoreh-deah/siman-107/niveau-2-lamdan.html,,fr,107,2-Lamdan,hreflang-manquant,MOYENNE,[],hreflang fr absent,Compléter les 3 hreflang,haute,non
T0035,https://daattorah.com/yd/107/lamdan,sources/yoreh-deah/siman-107/niveau-2-lamdan.html,,fr,107,2-Lamdan,hreflang-manquant,MOYENNE,[],hreflang en absent,Compléter les 3 hreflang,haute,non
T0036,https://daattorah.com/yd/107/lamdan,sources/yoreh-deah/siman-107/niveau-2-lamdan.html,,fr,107,2-Lamdan,hreflang-manquant,MOYENNE,[],hreflang he absent,Compléter les 3 hreflang,haute,non
T0037,https://daattorah.com/yd/108/lamdan,sources/yoreh-deah/siman-108/niveau-2-lamdan.html,,fr,108,2-Lamdan,lang-incoherent,IMPORTANTE,he,"html lang=""he"" mais fichier FR","lang=""fr""",haute,non
T0038,https://daattorah.com/yd/108/lamdan,sources/yoreh-deah/siman-108/niveau-2-lamdan.html,,fr,108,2-Lamdan,hreflang-manquant,MOYENNE,[],hreflang fr absent,Compléter les 3 hreflang,haute,non
T0039,https://daattorah.com/yd/108/lamdan,sources/yoreh-deah/siman-108/niveau-2-lamdan.html,,fr,108,2-Lamdan,hreflang-manquant,MOYENNE,[],hreflang en absent,Compléter les 3 hreflang,haute,non
T0040,https://daattorah.com/yd/108/lamdan,sources/yoreh-deah/siman-108/niveau-2-lamdan.html,,fr,108,2-Lamdan,hreflang-manquant,MOYENNE,[],hreflang he absent,Compléter les 3 hreflang,haute,non
T0041,https://daattorah.com/yd/109/lamdan,sources/yoreh-deah/siman-109/niveau-2-lamdan.html,,fr,109,2-Lamdan,lang-incoherent,IMPORTANTE,he,"html lang=""he"" mais fichier FR","lang=""fr""",haute,non
T0042,https://daattorah.com/yd/109/lamdan,sources/yoreh-deah/siman-109/niveau-2-lamdan.html,,fr,109,2-Lamdan,hreflang-manquant,MOYENNE,[],hreflang fr absent,Compléter les 3 hreflang,haute,non
T0043,https://daattorah.com/yd/109/lamdan,sources/yoreh-deah/siman-109/niveau-2-lamdan.html,,fr,109,2-Lamdan,hreflang-manquant,MOYENNE,[],hreflang en absent,Compléter les 3 hreflang,haute,non
T0044,https://daattorah.com/yd/109/lamdan,sources/yoreh-deah/siman-109/niveau-2-lamdan.html,,fr,109,2-Lamdan,hreflang-manquant,MOYENNE,[],hreflang he absent,Compléter les 3 hreflang,haute,non
T0045,https://daattorah.com/yd/110/lamdan,sources/yoreh-deah/siman-110/niveau-2-lamdan.html,,fr,110,2-Lamdan,lang-incoherent,IMPORTANTE,he,"html lang=""he"" mais fichier FR","lang=""fr""",haute,non
T0046,https://daattorah.com/yd/110/lamdan,sources/yoreh-deah/siman-110/niveau-2-lamdan.html,,fr,110,2-Lamdan,hreflang-manquant,MOYENNE,[],hreflang fr absent,Compléter les 3 hreflang,haute,non
T0047,https://daattorah.com/yd/110/lamdan,sources/yoreh-deah/siman-110/niveau-2-lamdan.html,,fr,110,2-Lamdan,hreflang-manquant,MOYENNE,[],hreflang en absent,Compléter les 3 hreflang,haute,non
T0048,https://daattorah.com/yd/110/lamdan,sources/yoreh-deah/siman-110/niveau-2-lamdan.html,,fr,110,2-Lamdan,hreflang-manquant,MOYENNE,[],hreflang he absent,Compléter les 3 hreflang,haute,non
T0049,https://daattorah.com/yd/111/lamdan,sources/yoreh-deah/siman-111/niveau-2-lamdan.html,,fr,111,2-Lamdan,lang-incoherent,IMPORTANTE,he,"html lang=""he"" mais fichier FR","lang=""fr""",haute,non
T0050,https://daattorah.com/yd/111/lamdan,sources/yoreh-deah/siman-111/niveau-2-lamdan.html,,fr,111,2-Lamdan,hreflang-manquant,MOYENNE,[],hreflang fr absent,Compléter les 3 hreflang,haute,non
T0051,https://daattorah.com/yd/111/lamdan,sources/yoreh-deah/siman-111/niveau-2-lamdan.html,,fr,111,2-Lamdan,hreflang-manquant,MOYENNE,[],hreflang en absent,Compléter les 3 hreflang,haute,non
T0052,https://daattorah.com/yd/111/lamdan,sources/yoreh-deah/siman-111/niveau-2-lamdan.html,,fr,111,2-Lamdan,hreflang-manquant,MOYENNE,[],hreflang he absent,Compléter les 3 hreflang,haute,non
T0053,https://daattorah.com/yd/112/lamdan,sources/yoreh-deah/siman-112/niveau-2-lamdan.html,,fr,112,2-Lamdan,lang-incoherent,IMPORTANTE,he,"html lang=""he"" mais fichier FR","lang=""fr""",haute,non
T0054,https://daattorah.com/yd/112/lamdan,sources/yoreh-deah/siman-112/niveau-2-lamdan.html,,fr,112,2-Lamdan,hreflang-manquant,MOYENNE,[],hreflang fr absent,Compléter les 3 hreflang,haute,non
T0055,https://daattorah.com/yd/112/lamdan,sources/yoreh-deah/siman-112/niveau-2-lamdan.html,,fr,112,2-Lamdan,hreflang-manquant,MOYENNE,[],hreflang en absent,Compléter les 3 hreflang,haute,non
T0056,https://daattorah.com/yd/112/lamdan,sources/yoreh-deah/siman-112/niveau-2-lamdan.html,,fr,112,2-Lamdan,hreflang-manquant,MOYENNE,[],hreflang he absent,Compléter les 3 hreflang,haute,non
T0057,https://daattorah.com/yd/113/lamdan,sources/yoreh-deah/siman-113/niveau-2-lamdan.html,,fr,113,2-Lamdan,lang-incoherent,IMPORTANTE,he,"html lang=""he"" mais fichier FR","lang=""fr""",haute,non
T0058,https://daattorah.com/yd/113/lamdan,sources/yoreh-deah/siman-113/niveau-2-lamdan.html,,fr,113,2-Lamdan,hreflang-manquant,MOYENNE,[],hreflang fr absent,Compléter les 3 hreflang,haute,non
T0059,https://daattorah.com/yd/113/lamdan,sources/yoreh-deah/siman-113/niveau-2-lamdan.html,,fr,113,2-Lamdan,hreflang-manquant,MOYENNE,[],hreflang en absent,Compléter les 3 hreflang,haute,non
T0060,https://daattorah.com/yd/113/lamdan,sources/yoreh-deah/siman-113/niveau-2-lamdan.html,,fr,113,2-Lamdan,hreflang-manquant,MOYENNE,[],hreflang he absent,Compléter les 3 hreflang,haute,non
T0061,https://daattorah.com/yd/114/lamdan,sources/yoreh-deah/siman-114/niveau-2-lamdan.html,,fr,114,2-Lamdan,lang-incoherent,IMPORTANTE,he,"html lang=""he"" mais fichier FR","lang=""fr""",haute,non
T0062,https://daattorah.com/yd/114/lamdan,sources/yoreh-deah/siman-114/niveau-2-lamdan.html,,fr,114,2-Lamdan,hreflang-manquant,MOYENNE,[],hreflang fr absent,Compléter les 3 hreflang,haute,non
T0063,https://daattorah.com/yd/114/lamdan,sources/yoreh-deah/siman-114/niveau-2-lamdan.html,,fr,114,2-Lamdan,hreflang-manquant,MOYENNE,[],hreflang en absent,Compléter les 3 hreflang,haute,non
T0064,https://daattorah.com/yd/114/lamdan,sources/yoreh-deah/siman-114/niveau-2-lamdan.html,,fr,114,2-Lamdan,hreflang-manquant,MOYENNE,[],hreflang he absent,Compléter les 3 hreflang,haute,non
T0065,https://daattorah.com/yd/115/lamdan,sources/yoreh-deah/siman-115/niveau-2-lamdan.html,,fr,115,2-Lamdan,lang-incoherent,IMPORTANTE,he,"html lang=""he"" mais fichier FR","lang=""fr""",haute,non
T0066,https://daattorah.com/yd/115/lamdan,sources/yoreh-deah/siman-115/niveau-2-lamdan.html,,fr,115,2-Lamdan,hreflang-manquant,MOYENNE,[],hreflang fr absent,Compléter les 3 hreflang,haute,non
T0067,https://daattorah.com/yd/115/lamdan,sources/yoreh-deah/siman-115/niveau-2-lamdan.html,,fr,115,2-Lamdan,hreflang-manquant,MOYENNE,[],hreflang en absent,Compléter les 3 hreflang,haute,non
T0068,https://daattorah.com/yd/115/lamdan,sources/yoreh-deah/siman-115/niveau-2-lamdan.html,,fr,115,2-Lamdan,hreflang-manquant,MOYENNE,[],hreflang he absent,Compléter les 3 hreflang,haute,non
T0069,https://daattorah.com/yd/116/lamdan,sources/yoreh-deah/siman-116/niveau-2-lamdan.html,,fr,116,2-Lamdan,lang-incoherent,IMPORTANTE,he,"html lang=""he"" mais fichier FR","lang=""fr""",haute,non
T0070,https://daattorah.com/yd/116/lamdan,sources/yoreh-deah/siman-116/niveau-2-lamdan.html,,fr,116,2-Lamdan,hreflang-manquant,MOYENNE,[],hreflang fr absent,Compléter les 3 hreflang,haute,non
T0071,https://daattorah.com/yd/116/lamdan,sources/yoreh-deah/siman-116/niveau-2-lamdan.html,,fr,116,2-Lamdan,hreflang-manquant,MOYENNE,[],hreflang en absent,Compléter les 3 hreflang,haute,non
T0072,https://daattorah.com/yd/116/lamdan,sources/yoreh-deah/siman-116/niveau-2-lamdan.html,,fr,116,2-Lamdan,hreflang-manquant,MOYENNE,[],hreflang he absent,Compléter les 3 hreflang,haute,non
T0073,https://daattorah.com/yd/117/lamdan,sources/yoreh-deah/siman-117/niveau-2-lamdan.html,,fr,117,2-Lamdan,lang-incoherent,IMPORTANTE,he,"html lang=""he"" mais fichier FR","lang=""fr""",haute,non
T0074,https://daattorah.com/yd/117/lamdan,sources/yoreh-deah/siman-117/niveau-2-lamdan.html,,fr,117,2-Lamdan,hreflang-manquant,MOYENNE,[],hreflang fr absent,Compléter les 3 hreflang,haute,non
T0075,https://daattorah.com/yd/117/lamdan,sources/yoreh-deah/siman-117/niveau-2-lamdan.html,,fr,117,2-Lamdan,hreflang-manquant,MOYENNE,[],hreflang en absent,Compléter les 3 hreflang,haute,non
T0076,https://daattorah.com/yd/117/lamdan,sources/yoreh-deah/siman-117/niveau-2-lamdan.html,,fr,117,2-Lamdan,hreflang-manquant,MOYENNE,[],hreflang he absent,Compléter les 3 hreflang,haute,non
T0077,https://daattorah.com/yd/118/lamdan,sources/yoreh-deah/siman-118/niveau-2-lamdan.html,,fr,118,2-Lamdan,lang-incoherent,IMPORTANTE,he,"html lang=""he"" mais fichier FR","lang=""fr""",haute,non
T0078,https://daattorah.com/yd/118/lamdan,sources/yoreh-deah/siman-118/niveau-2-lamdan.html,,fr,118,2-Lamdan,hreflang-manquant,MOYENNE,[],hreflang fr absent,Compléter les 3 hreflang,haute,non
T0079,https://daattorah.com/yd/118/lamdan,sources/yoreh-deah/siman-118/niveau-2-lamdan.html,,fr,118,2-Lamdan,hreflang-manquant,MOYENNE,[],hreflang en absent,Compléter les 3 hreflang,haute,non
T0080,https://daattorah.com/yd/118/lamdan,sources/yoreh-deah/siman-118/niveau-2-lamdan.html,,fr,118,2-Lamdan,hreflang-manquant,MOYENNE,[],hreflang he absent,Compléter les 3 hreflang,haute,non
T0081,https://daattorah.com/yd/183/lamdan,sources/yoreh-deah/siman-183/niveau-2-lamdan.html,,fr,183,2-Lamdan,lang-incoherent,IMPORTANTE,he,"html lang=""he"" mais fichier FR","lang=""fr""",haute,non
T0082,https://daattorah.com/yd/183/lamdan,sources/yoreh-deah/siman-183/niveau-2-lamdan.html,,fr,183,2-Lamdan,hreflang-manquant,MOYENNE,[],hreflang fr absent,Compléter les 3 hreflang,haute,non
T0083,https://daattorah.com/yd/183/lamdan,sources/yoreh-deah/siman-183/niveau-2-lamdan.html,,fr,183,2-Lamdan,hreflang-manquant,MOYENNE,[],hreflang en absent,Compléter les 3 hreflang,haute,non
T0084,https://daattorah.com/yd/183/lamdan,sources/yoreh-deah/siman-183/niveau-2-lamdan.html,,fr,183,2-Lamdan,hreflang-manquant,MOYENNE,[],hreflang he absent,Compléter les 3 hreflang,haute,non
T0085,https://daattorah.com/yd/184/lamdan,sources/yoreh-deah/siman-184/niveau-2-lamdan.html,,fr,184,2-Lamdan,lang-incoherent,IMPORTANTE,he,"html lang=""he"" mais fichier FR","lang=""fr""",haute,non
T0086,https://daattorah.com/yd/184/lamdan,sources/yoreh-deah/siman-184/niveau-2-lamdan.html,,fr,184,2-Lamdan,hreflang-manquant,MOYENNE,[],hreflang fr absent,Compléter les 3 hreflang,haute,non
T0087,https://daattorah.com/yd/184/lamdan,sources/yoreh-deah/siman-184/niveau-2-lamdan.html,,fr,184,2-Lamdan,hreflang-manquant,MOYENNE,[],hreflang en absent,Compléter les 3 hreflang,haute,non
T0088,https://daattorah.com/yd/184/lamdan,sources/yoreh-deah/siman-184/niveau-2-lamdan.html,,fr,184,2-Lamdan,hreflang-manquant,MOYENNE,[],hreflang he absent,Compléter les 3 hreflang,haute,non
T0089,https://daattorah.com/yd/185/lamdan,sources/yoreh-deah/siman-185/niveau-2-lamdan.html,,fr,185,2-Lamdan,lang-incoherent,IMPORTANTE,he,"html lang=""he"" mais fichier FR","lang=""fr""",haute,non
T0090,https://daattorah.com/yd/185/lamdan,sources/yoreh-deah/siman-185/niveau-2-lamdan.html,,fr,185,2-Lamdan,hreflang-manquant,MOYENNE,[],hreflang fr absent,Compléter les 3 hreflang,haute,non
T0091,https://daattorah.com/yd/185/lamdan,sources/yoreh-deah/siman-185/niveau-2-lamdan.html,,fr,185,2-Lamdan,hreflang-manquant,MOYENNE,[],hreflang en absent,Compléter les 3 hreflang,haute,non
T0092,https://daattorah.com/yd/185/lamdan,sources/yoreh-deah/siman-185/niveau-2-lamdan.html,,fr,185,2-Lamdan,hreflang-manquant,MOYENNE,[],hreflang he absent,Compléter les 3 hreflang,haute,non
T0093,https://daattorah.com/yd/186/lamdan,sources/yoreh-deah/siman-186/niveau-2-lamdan.html,,fr,186,2-Lamdan,lang-incoherent,IMPORTANTE,he,"html lang=""he"" mais fichier FR","lang=""fr""",haute,non
T0094,https://daattorah.com/yd/186/lamdan,sources/yoreh-deah/siman-186/niveau-2-lamdan.html,,fr,186,2-Lamdan,hreflang-manquant,MOYENNE,[],hreflang fr absent,Compléter les 3 hreflang,haute,non
T0095,https://daattorah.com/yd/186/lamdan,sources/yoreh-deah/siman-186/niveau-2-lamdan.html,,fr,186,2-Lamdan,hreflang-manquant,MOYENNE,[],hreflang en absent,Compléter les 3 hreflang,haute,non
T0096,https://daattorah.com/yd/186/lamdan,sources/yoreh-deah/siman-186/niveau-2-lamdan.html,,fr,186,2-Lamdan,hreflang-manquant,MOYENNE,[],hreflang he absent,Compléter les 3 hreflang,haute,non
T0097,https://daattorah.com/yd/187/lamdan,sources/yoreh-deah/siman-187/niveau-2-lamdan.html,,fr,187,2-Lamdan,lang-incoherent,IMPORTANTE,he,"html lang=""he"" mais fichier FR","lang=""fr""",haute,non
T0098,https://daattorah.com/yd/187/lamdan,sources/yoreh-deah/siman-187/niveau-2-lamdan.html,,fr,187,2-Lamdan,hreflang-manquant,MOYENNE,[],hreflang fr absent,Compléter les 3 hreflang,haute,non
T0099,https://daattorah.com/yd/187/lamdan,sources/yoreh-deah/siman-187/niveau-2-lamdan.html,,fr,187,2-Lamdan,hreflang-manquant,MOYENNE,[],hreflang en absent,Compléter les 3 hreflang,haute,non
T0100,https://daattorah.com/yd/187/lamdan,sources/yoreh-deah/siman-187/niveau-2-lamdan.html,,fr,187,2-Lamdan,hreflang-manquant,MOYENNE,[],hreflang he absent,Compléter les 3 hreflang,haute,non
T0101,https://daattorah.com/yd/188/lamdan,sources/yoreh-deah/siman-188/niveau-2-lamdan.html,,fr,188,2-Lamdan,lang-incoherent,IMPORTANTE,he,"html lang=""he"" mais fichier FR","lang=""fr""",haute,non
T0102,https://daattorah.com/yd/188/lamdan,sources/yoreh-deah/siman-188/niveau-2-lamdan.html,,fr,188,2-Lamdan,hreflang-manquant,MOYENNE,[],hreflang fr absent,Compléter les 3 hreflang,haute,non
T0103,https://daattorah.com/yd/188/lamdan,sources/yoreh-deah/siman-188/niveau-2-lamdan.html,,fr,188,2-Lamdan,hreflang-manquant,MOYENNE,[],hreflang en absent,Compléter les 3 hreflang,haute,non
T0104,https://daattorah.com/yd/188/lamdan,sources/yoreh-deah/siman-188/niveau-2-lamdan.html,,fr,188,2-Lamdan,hreflang-manquant,MOYENNE,[],hreflang he absent,Compléter les 3 hreflang,haute,non
T0105,https://daattorah.com/yd/189/lamdan,sources/yoreh-deah/siman-189/niveau-2-lamdan.html,,fr,189,2-Lamdan,lang-incoherent,IMPORTANTE,he,"html lang=""he"" mais fichier FR","lang=""fr""",haute,non
T0106,https://daattorah.com/yd/189/lamdan,sources/yoreh-deah/siman-189/niveau-2-lamdan.html,,fr,189,2-Lamdan,hreflang-manquant,MOYENNE,[],hreflang fr absent,Compléter les 3 hreflang,haute,non
T0107,https://daattorah.com/yd/189/lamdan,sources/yoreh-deah/siman-189/niveau-2-lamdan.html,,fr,189,2-Lamdan,hreflang-manquant,MOYENNE,[],hreflang en absent,Compléter les 3 hreflang,haute,non
T0108,https://daattorah.com/yd/189/lamdan,sources/yoreh-deah/siman-189/niveau-2-lamdan.html,,fr,189,2-Lamdan,hreflang-manquant,MOYENNE,[],hreflang he absent,Compléter les 3 hreflang,haute,non
T0109,https://daattorah.com/yd/190/lamdan,sources/yoreh-deah/siman-190/niveau-2-lamdan.html,,fr,190,2-Lamdan,lang-incoherent,IMPORTANTE,he,"html lang=""he"" mais fichier FR","lang=""fr""",haute,non
T0110,https://daattorah.com/yd/190/lamdan,sources/yoreh-deah/siman-190/niveau-2-lamdan.html,,fr,190,2-Lamdan,hreflang-manquant,MOYENNE,[],hreflang fr absent,Compléter les 3 hreflang,haute,non
T0111,https://daattorah.com/yd/190/lamdan,sources/yoreh-deah/siman-190/niveau-2-lamdan.html,,fr,190,2-Lamdan,hreflang-manquant,MOYENNE,[],hreflang en absent,Compléter les 3 hreflang,haute,non
T0112,https://daattorah.com/yd/190/lamdan,sources/yoreh-deah/siman-190/niveau-2-lamdan.html,,fr,190,2-Lamdan,hreflang-manquant,MOYENNE,[],hreflang he absent,Compléter les 3 hreflang,haute,non
T0113,https://daattorah.com/yd/191/lamdan,sources/yoreh-deah/siman-191/niveau-2-lamdan.html,,fr,191,2-Lamdan,lang-incoherent,IMPORTANTE,he,"html lang=""he"" mais fichier FR","lang=""fr""",haute,non
T0114,https://daattorah.com/yd/191/lamdan,sources/yoreh-deah/siman-191/niveau-2-lamdan.html,,fr,191,2-Lamdan,hreflang-manquant,MOYENNE,[],hreflang fr absent,Compléter les 3 hreflang,haute,non
T0115,https://daattorah.com/yd/191/lamdan,sources/yoreh-deah/siman-191/niveau-2-lamdan.html,,fr,191,2-Lamdan,hreflang-manquant,MOYENNE,[],hreflang en absent,Compléter les 3 hreflang,haute,non
T0116,https://daattorah.com/yd/191/lamdan,sources/yoreh-deah/siman-191/niveau-2-lamdan.html,,fr,191,2-Lamdan,hreflang-manquant,MOYENNE,[],hreflang he absent,Compléter les 3 hreflang,haute,non
T0117,https://daattorah.com/yd/192/lamdan,sources/yoreh-deah/siman-192/niveau-2-lamdan.html,,fr,192,2-Lamdan,lang-incoherent,IMPORTANTE,he,"html lang=""he"" mais fichier FR","lang=""fr""",haute,non
T0118,https://daattorah.com/yd/192/lamdan,sources/yoreh-deah/siman-192/niveau-2-lamdan.html,,fr,192,2-Lamdan,hreflang-manquant,MOYENNE,[],hreflang fr absent,Compléter les 3 hreflang,haute,non
T0119,https://daattorah.com/yd/192/lamdan,sources/yoreh-deah/siman-192/niveau-2-lamdan.html,,fr,192,2-Lamdan,hreflang-manquant,MOYENNE,[],hreflang en absent,Compléter les 3 hreflang,haute,non
T0120,https://daattorah.com/yd/192/lamdan,sources/yoreh-deah/siman-192/niveau-2-lamdan.html,,fr,192,2-Lamdan,hreflang-manquant,MOYENNE,[],hreflang he absent,Compléter les 3 hreflang,haute,non
T0121,https://daattorah.com/yd/193/lamdan,sources/yoreh-deah/siman-193/niveau-2-lamdan.html,,fr,193,2-Lamdan,lang-incoherent,IMPORTANTE,he,"html lang=""he"" mais fichier FR","lang=""fr""",haute,non
T0122,https://daattorah.com/yd/193/lamdan,sources/yoreh-deah/siman-193/niveau-2-lamdan.html,,fr,193,2-Lamdan,hreflang-manquant,MOYENNE,[],hreflang fr absent,Compléter les 3 hreflang,haute,non
T0123,https://daattorah.com/yd/193/lamdan,sources/yoreh-deah/siman-193/niveau-2-lamdan.html,,fr,193,2-Lamdan,hreflang-manquant,MOYENNE,[],hreflang en absent,Compléter les 3 hreflang,haute,non
T0124,https://daattorah.com/yd/193/lamdan,sources/yoreh-deah/siman-193/niveau-2-lamdan.html,,fr,193,2-Lamdan,hreflang-manquant,MOYENNE,[],hreflang he absent,Compléter les 3 hreflang,haute,non
T0125,https://daattorah.com/yd/194/lamdan,sources/yoreh-deah/siman-194/niveau-2-lamdan.html,,fr,194,2-Lamdan,lang-incoherent,IMPORTANTE,he,"html lang=""he"" mais fichier FR","lang=""fr""",haute,non
T0126,https://daattorah.com/yd/194/lamdan,sources/yoreh-deah/siman-194/niveau-2-lamdan.html,,fr,194,2-Lamdan,hreflang-manquant,MOYENNE,[],hreflang fr absent,Compléter les 3 hreflang,haute,non
T0127,https://daattorah.com/yd/194/lamdan,sources/yoreh-deah/siman-194/niveau-2-lamdan.html,,fr,194,2-Lamdan,hreflang-manquant,MOYENNE,[],hreflang en absent,Compléter les 3 hreflang,haute,non
T0128,https://daattorah.com/yd/194/lamdan,sources/yoreh-deah/siman-194/niveau-2-lamdan.html,,fr,194,2-Lamdan,hreflang-manquant,MOYENNE,[],hreflang he absent,Compléter les 3 hreflang,haute,non
T0129,https://daattorah.com/yd/195/lamdan,sources/yoreh-deah/siman-195/niveau-2-lamdan.html,,fr,195,2-Lamdan,lang-incoherent,IMPORTANTE,he,"html lang=""he"" mais fichier FR","lang=""fr""",haute,non
T0130,https://daattorah.com/yd/195/lamdan,sources/yoreh-deah/siman-195/niveau-2-lamdan.html,,fr,195,2-Lamdan,hreflang-manquant,MOYENNE,[],hreflang fr absent,Compléter les 3 hreflang,haute,non
T0131,https://daattorah.com/yd/195/lamdan,sources/yoreh-deah/siman-195/niveau-2-lamdan.html,,fr,195,2-Lamdan,hreflang-manquant,MOYENNE,[],hreflang en absent,Compléter les 3 hreflang,haute,non
T0132,https://daattorah.com/yd/195/lamdan,sources/yoreh-deah/siman-195/niveau-2-lamdan.html,,fr,195,2-Lamdan,hreflang-manquant,MOYENNE,[],hreflang he absent,Compléter les 3 hreflang,haute,non
T0133,https://daattorah.com/yd/196/lamdan,sources/yoreh-deah/siman-196/niveau-2-lamdan.html,,fr,196,2-Lamdan,lang-incoherent,IMPORTANTE,he,"html lang=""he"" mais fichier FR","lang=""fr""",haute,non
T0134,https://daattorah.com/yd/196/lamdan,sources/yoreh-deah/siman-196/niveau-2-lamdan.html,,fr,196,2-Lamdan,hreflang-manquant,MOYENNE,[],hreflang fr absent,Compléter les 3 hreflang,haute,non
T0135,https://daattorah.com/yd/196/lamdan,sources/yoreh-deah/siman-196/niveau-2-lamdan.html,,fr,196,2-Lamdan,hreflang-manquant,MOYENNE,[],hreflang en absent,Compléter les 3 hreflang,haute,non
T0136,https://daattorah.com/yd/196/lamdan,sources/yoreh-deah/siman-196/niveau-2-lamdan.html,,fr,196,2-Lamdan,hreflang-manquant,MOYENNE,[],hreflang he absent,Compléter les 3 hreflang,haute,non
T0137,https://daattorah.com/yd/197/lamdan,sources/yoreh-deah/siman-197/niveau-2-lamdan.html,,fr,197,2-Lamdan,lang-incoherent,IMPORTANTE,he,"html lang=""he"" mais fichier FR","lang=""fr""",haute,non
T0138,https://daattorah.com/yd/197/lamdan,sources/yoreh-deah/siman-197/niveau-2-lamdan.html,,fr,197,2-Lamdan,hreflang-manquant,MOYENNE,[],hreflang fr absent,Compléter les 3 hreflang,haute,non
T0139,https://daattorah.com/yd/197/lamdan,sources/yoreh-deah/siman-197/niveau-2-lamdan.html,,fr,197,2-Lamdan,hreflang-manquant,MOYENNE,[],hreflang en absent,Compléter les 3 hreflang,haute,non
T0140,https://daattorah.com/yd/197/lamdan,sources/yoreh-deah/siman-197/niveau-2-lamdan.html,,fr,197,2-Lamdan,hreflang-manquant,MOYENNE,[],hreflang he absent,Compléter les 3 hreflang,haute,non
T0141,https://daattorah.com/yd/198/lamdan,sources/yoreh-deah/siman-198/niveau-2-lamdan.html,,fr,198,2-Lamdan,lang-incoherent,IMPORTANTE,he,"html lang=""he"" mais fichier FR","lang=""fr""",haute,non
T0142,https://daattorah.com/yd/198/lamdan,sources/yoreh-deah/siman-198/niveau-2-lamdan.html,,fr,198,2-Lamdan,hreflang-manquant,MOYENNE,[],hreflang fr absent,Compléter les 3 hreflang,haute,non
T0143,https://daattorah.com/yd/198/lamdan,sources/yoreh-deah/siman-198/niveau-2-lamdan.html,,fr,198,2-Lamdan,hreflang-manquant,MOYENNE,[],hreflang en absent,Compléter les 3 hreflang,haute,non
T0144,https://daattorah.com/yd/198/lamdan,sources/yoreh-deah/siman-198/niveau-2-lamdan.html,,fr,198,2-Lamdan,hreflang-manquant,MOYENNE,[],hreflang he absent,Compléter les 3 hreflang,haute,non
T0145,https://daattorah.com/yd/199/lamdan,sources/yoreh-deah/siman-199/niveau-2-lamdan.html,,fr,199,2-Lamdan,lang-incoherent,IMPORTANTE,he,"html lang=""he"" mais fichier FR","lang=""fr""",haute,non
T0146,https://daattorah.com/yd/199/lamdan,sources/yoreh-deah/siman-199/niveau-2-lamdan.html,,fr,199,2-Lamdan,hreflang-manquant,MOYENNE,[],hreflang fr absent,Compléter les 3 hreflang,haute,non
T0147,https://daattorah.com/yd/199/lamdan,sources/yoreh-deah/siman-199/niveau-2-lamdan.html,,fr,199,2-Lamdan,hreflang-manquant,MOYENNE,[],hreflang en absent,Compléter les 3 hreflang,haute,non
T0148,https://daattorah.com/yd/199/lamdan,sources/yoreh-deah/siman-199/niveau-2-lamdan.html,,fr,199,2-Lamdan,hreflang-manquant,MOYENNE,[],hreflang he absent,Compléter les 3 hreflang,haute,non
T0149,https://daattorah.com/yd/200/lamdan,sources/yoreh-deah/siman-200/niveau-2-lamdan.html,,fr,200,2-Lamdan,lang-incoherent,IMPORTANTE,he,"html lang=""he"" mais fichier FR","lang=""fr""",haute,non
T0150,https://daattorah.com/yd/200/lamdan,sources/yoreh-deah/siman-200/niveau-2-lamdan.html,,fr,200,2-Lamdan,hreflang-manquant,MOYENNE,[],hreflang fr absent,Compléter les 3 hreflang,haute,non
T0151,https://daattorah.com/yd/200/lamdan,sources/yoreh-deah/siman-200/niveau-2-lamdan.html,,fr,200,2-Lamdan,hreflang-manquant,MOYENNE,[],hreflang en absent,Compléter les 3 hreflang,haute,non
T0152,https://daattorah.com/yd/200/lamdan,sources/yoreh-deah/siman-200/niveau-2-lamdan.html,,fr,200,2-Lamdan,hreflang-manquant,MOYENNE,[],hreflang he absent,Compléter les 3 hreflang,haute,non
T0153,https://daattorah.com/yd/87/lamdan,sources/yoreh-deah/siman-87/niveau-2-lamdan.html,,fr,87,2-Lamdan,lang-incoherent,IMPORTANTE,he,"html lang=""he"" mais fichier FR","lang=""fr""",haute,non
T0154,https://daattorah.com/yd/87/lamdan,sources/yoreh-deah/siman-87/niveau-2-lamdan.html,,fr,87,2-Lamdan,hreflang-manquant,MOYENNE,[],hreflang fr absent,Compléter les 3 hreflang,haute,non
T0155,https://daattorah.com/yd/87/lamdan,sources/yoreh-deah/siman-87/niveau-2-lamdan.html,,fr,87,2-Lamdan,hreflang-manquant,MOYENNE,[],hreflang en absent,Compléter les 3 hreflang,haute,non
T0156,https://daattorah.com/yd/87/lamdan,sources/yoreh-deah/siman-87/niveau-2-lamdan.html,,fr,87,2-Lamdan,hreflang-manquant,MOYENNE,[],hreflang he absent,Compléter les 3 hreflang,haute,non
T0157,https://daattorah.com/yd/88/lamdan,sources/yoreh-deah/siman-88/niveau-2-lamdan.html,,fr,88,2-Lamdan,lang-incoherent,IMPORTANTE,he,"html lang=""he"" mais fichier FR","lang=""fr""",haute,non
T0158,https://daattorah.com/yd/88/lamdan,sources/yoreh-deah/siman-88/niveau-2-lamdan.html,,fr,88,2-Lamdan,hreflang-manquant,MOYENNE,[],hreflang fr absent,Compléter les 3 hreflang,haute,non
T0159,https://daattorah.com/yd/88/lamdan,sources/yoreh-deah/siman-88/niveau-2-lamdan.html,,fr,88,2-Lamdan,hreflang-manquant,MOYENNE,[],hreflang en absent,Compléter les 3 hreflang,haute,non
T0160,https://daattorah.com/yd/88/lamdan,sources/yoreh-deah/siman-88/niveau-2-lamdan.html,,fr,88,2-Lamdan,hreflang-manquant,MOYENNE,[],hreflang he absent,Compléter les 3 hreflang,haute,non
T0161,https://daattorah.com/yd/89/lamdan,sources/yoreh-deah/siman-89/niveau-2-lamdan.html,,fr,89,2-Lamdan,lang-incoherent,IMPORTANTE,he,"html lang=""he"" mais fichier FR","lang=""fr""",haute,non
T0162,https://daattorah.com/yd/89/lamdan,sources/yoreh-deah/siman-89/niveau-2-lamdan.html,,fr,89,2-Lamdan,hreflang-manquant,MOYENNE,[],hreflang fr absent,Compléter les 3 hreflang,haute,non
T0163,https://daattorah.com/yd/89/lamdan,sources/yoreh-deah/siman-89/niveau-2-lamdan.html,,fr,89,2-Lamdan,hreflang-manquant,MOYENNE,[],hreflang en absent,Compléter les 3 hreflang,haute,non
T0164,https://daattorah.com/yd/89/lamdan,sources/yoreh-deah/siman-89/niveau-2-lamdan.html,,fr,89,2-Lamdan,hreflang-manquant,MOYENNE,[],hreflang he absent,Compléter les 3 hreflang,haute,non
T0165,https://daattorah.com/yd/90/lamdan,sources/yoreh-deah/siman-90/niveau-2-lamdan.html,,fr,90,2-Lamdan,lang-incoherent,IMPORTANTE,he,"html lang=""he"" mais fichier FR","lang=""fr""",haute,non
T0166,https://daattorah.com/yd/90/lamdan,sources/yoreh-deah/siman-90/niveau-2-lamdan.html,,fr,90,2-Lamdan,hreflang-manquant,MOYENNE,[],hreflang fr absent,Compléter les 3 hreflang,haute,non
T0167,https://daattorah.com/yd/90/lamdan,sources/yoreh-deah/siman-90/niveau-2-lamdan.html,,fr,90,2-Lamdan,hreflang-manquant,MOYENNE,[],hreflang en absent,Compléter les 3 hreflang,haute,non
T0168,https://daattorah.com/yd/90/lamdan,sources/yoreh-deah/siman-90/niveau-2-lamdan.html,,fr,90,2-Lamdan,hreflang-manquant,MOYENNE,[],hreflang he absent,Compléter les 3 hreflang,haute,non
T0169,https://daattorah.com/yd/91/lamdan,sources/yoreh-deah/siman-91/niveau-2-lamdan.html,,fr,91,2-Lamdan,lang-incoherent,IMPORTANTE,he,"html lang=""he"" mais fichier FR","lang=""fr""",haute,non
T0170,https://daattorah.com/yd/91/lamdan,sources/yoreh-deah/siman-91/niveau-2-lamdan.html,,fr,91,2-Lamdan,hreflang-manquant,MOYENNE,[],hreflang fr absent,Compléter les 3 hreflang,haute,non
T0171,https://daattorah.com/yd/91/lamdan,sources/yoreh-deah/siman-91/niveau-2-lamdan.html,,fr,91,2-Lamdan,hreflang-manquant,MOYENNE,[],hreflang en absent,Compléter les 3 hreflang,haute,non
T0172,https://daattorah.com/yd/91/lamdan,sources/yoreh-deah/siman-91/niveau-2-lamdan.html,,fr,91,2-Lamdan,hreflang-manquant,MOYENNE,[],hreflang he absent,Compléter les 3 hreflang,haute,non
T0173,https://daattorah.com/yd/92/lamdan,sources/yoreh-deah/siman-92/niveau-2-lamdan.html,,fr,92,2-Lamdan,lang-incoherent,IMPORTANTE,he,"html lang=""he"" mais fichier FR","lang=""fr""",haute,non
T0174,https://daattorah.com/yd/92/lamdan,sources/yoreh-deah/siman-92/niveau-2-lamdan.html,,fr,92,2-Lamdan,hreflang-manquant,MOYENNE,[],hreflang fr absent,Compléter les 3 hreflang,haute,non
T0175,https://daattorah.com/yd/92/lamdan,sources/yoreh-deah/siman-92/niveau-2-lamdan.html,,fr,92,2-Lamdan,hreflang-manquant,MOYENNE,[],hreflang en absent,Compléter les 3 hreflang,haute,non
T0176,https://daattorah.com/yd/92/lamdan,sources/yoreh-deah/siman-92/niveau-2-lamdan.html,,fr,92,2-Lamdan,hreflang-manquant,MOYENNE,[],hreflang he absent,Compléter les 3 hreflang,haute,non
T0177,https://daattorah.com/yd/93/lamdan,sources/yoreh-deah/siman-93/niveau-2-lamdan.html,,fr,93,2-Lamdan,lang-incoherent,IMPORTANTE,he,"html lang=""he"" mais fichier FR","lang=""fr""",haute,non
T0178,https://daattorah.com/yd/93/lamdan,sources/yoreh-deah/siman-93/niveau-2-lamdan.html,,fr,93,2-Lamdan,hreflang-manquant,MOYENNE,[],hreflang fr absent,Compléter les 3 hreflang,haute,non
T0179,https://daattorah.com/yd/93/lamdan,sources/yoreh-deah/siman-93/niveau-2-lamdan.html,,fr,93,2-Lamdan,hreflang-manquant,MOYENNE,[],hreflang en absent,Compléter les 3 hreflang,haute,non
T0180,https://daattorah.com/yd/93/lamdan,sources/yoreh-deah/siman-93/niveau-2-lamdan.html,,fr,93,2-Lamdan,hreflang-manquant,MOYENNE,[],hreflang he absent,Compléter les 3 hreflang,haute,non
T0181,https://daattorah.com/yd/94/lamdan,sources/yoreh-deah/siman-94/niveau-2-lamdan.html,,fr,94,2-Lamdan,lang-incoherent,IMPORTANTE,he,"html lang=""he"" mais fichier FR","lang=""fr""",haute,non
T0182,https://daattorah.com/yd/94/lamdan,sources/yoreh-deah/siman-94/niveau-2-lamdan.html,,fr,94,2-Lamdan,hreflang-manquant,MOYENNE,[],hreflang fr absent,Compléter les 3 hreflang,haute,non
T0183,https://daattorah.com/yd/94/lamdan,sources/yoreh-deah/siman-94/niveau-2-lamdan.html,,fr,94,2-Lamdan,hreflang-manquant,MOYENNE,[],hreflang en absent,Compléter les 3 hreflang,haute,non
T0184,https://daattorah.com/yd/94/lamdan,sources/yoreh-deah/siman-94/niveau-2-lamdan.html,,fr,94,2-Lamdan,hreflang-manquant,MOYENNE,[],hreflang he absent,Compléter les 3 hreflang,haute,non
T0185,https://daattorah.com/yd/95/lamdan,sources/yoreh-deah/siman-95/niveau-2-lamdan.html,,fr,95,2-Lamdan,lang-incoherent,IMPORTANTE,he,"html lang=""he"" mais fichier FR","lang=""fr""",haute,non
T0186,https://daattorah.com/yd/95/lamdan,sources/yoreh-deah/siman-95/niveau-2-lamdan.html,,fr,95,2-Lamdan,hreflang-manquant,MOYENNE,[],hreflang fr absent,Compléter les 3 hreflang,haute,non
T0187,https://daattorah.com/yd/95/lamdan,sources/yoreh-deah/siman-95/niveau-2-lamdan.html,,fr,95,2-Lamdan,hreflang-manquant,MOYENNE,[],hreflang en absent,Compléter les 3 hreflang,haute,non
T0188,https://daattorah.com/yd/95/lamdan,sources/yoreh-deah/siman-95/niveau-2-lamdan.html,,fr,95,2-Lamdan,hreflang-manquant,MOYENNE,[],hreflang he absent,Compléter les 3 hreflang,haute,non
T0189,https://daattorah.com/yd/96/lamdan,sources/yoreh-deah/siman-96/niveau-2-lamdan.html,,fr,96,2-Lamdan,lang-incoherent,IMPORTANTE,he,"html lang=""he"" mais fichier FR","lang=""fr""",haute,non
T0190,https://daattorah.com/yd/96/lamdan,sources/yoreh-deah/siman-96/niveau-2-lamdan.html,,fr,96,2-Lamdan,hreflang-manquant,MOYENNE,[],hreflang fr absent,Compléter les 3 hreflang,haute,non
T0191,https://daattorah.com/yd/96/lamdan,sources/yoreh-deah/siman-96/niveau-2-lamdan.html,,fr,96,2-Lamdan,hreflang-manquant,MOYENNE,[],hreflang en absent,Compléter les 3 hreflang,haute,non
T0192,https://daattorah.com/yd/96/lamdan,sources/yoreh-deah/siman-96/niveau-2-lamdan.html,,fr,96,2-Lamdan,hreflang-manquant,MOYENNE,[],hreflang he absent,Compléter les 3 hreflang,haute,non
T0193,https://daattorah.com/yd/97/lamdan,sources/yoreh-deah/siman-97/niveau-2-lamdan.html,,fr,97,2-Lamdan,lang-incoherent,IMPORTANTE,he,"html lang=""he"" mais fichier FR","lang=""fr""",haute,non
T0194,https://daattorah.com/yd/97/lamdan,sources/yoreh-deah/siman-97/niveau-2-lamdan.html,,fr,97,2-Lamdan,hreflang-manquant,MOYENNE,[],hreflang fr absent,Compléter les 3 hreflang,haute,non
T0195,https://daattorah.com/yd/97/lamdan,sources/yoreh-deah/siman-97/niveau-2-lamdan.html,,fr,97,2-Lamdan,hreflang-manquant,MOYENNE,[],hreflang en absent,Compléter les 3 hreflang,haute,non
T0196,https://daattorah.com/yd/97/lamdan,sources/yoreh-deah/siman-97/niveau-2-lamdan.html,,fr,97,2-Lamdan,hreflang-manquant,MOYENNE,[],hreflang he absent,Compléter les 3 hreflang,haute,non
T0197,https://daattorah.com/yd/98/lamdan,sources/yoreh-deah/siman-98/niveau-2-lamdan.html,,fr,98,2-Lamdan,lang-incoherent,IMPORTANTE,he,"html lang=""he"" mais fichier FR","lang=""fr""",haute,non
T0198,https://daattorah.com/yd/98/lamdan,sources/yoreh-deah/siman-98/niveau-2-lamdan.html,,fr,98,2-Lamdan,hreflang-manquant,MOYENNE,[],hreflang fr absent,Compléter les 3 hreflang,haute,non
T0199,https://daattorah.com/yd/98/lamdan,sources/yoreh-deah/siman-98/niveau-2-lamdan.html,,fr,98,2-Lamdan,hreflang-manquant,MOYENNE,[],hreflang en absent,Compléter les 3 hreflang,haute,non
T0200,https://daattorah.com/yd/98/lamdan,sources/yoreh-deah/siman-98/niveau-2-lamdan.html,,fr,98,2-Lamdan,hreflang-manquant,MOYENNE,[],hreflang he absent,Compléter les 3 hreflang,haute,non
T0201,https://daattorah.com/yd/99/lamdan,sources/yoreh-deah/siman-99/niveau-2-lamdan.html,,fr,99,2-Lamdan,lang-incoherent,IMPORTANTE,he,"html lang=""he"" mais fichier FR","lang=""fr""",haute,non
T0202,https://daattorah.com/yd/99/lamdan,sources/yoreh-deah/siman-99/niveau-2-lamdan.html,,fr,99,2-Lamdan,hreflang-manquant,MOYENNE,[],hreflang fr absent,Compléter les 3 hreflang,haute,non
T0203,https://daattorah.com/yd/99/lamdan,sources/yoreh-deah/siman-99/niveau-2-lamdan.html,,fr,99,2-Lamdan,hreflang-manquant,MOYENNE,[],hreflang en absent,Compléter les 3 hreflang,haute,non
T0204,https://daattorah.com/yd/99/lamdan,sources/yoreh-deah/siman-99/niveau-2-lamdan.html,,fr,99,2-Lamdan,hreflang-manquant,MOYENNE,[],hreflang he absent,Compléter les 3 hreflang,haute,non
T0205,https://daattorah.com,sources/shabbat/siman-242/niveau-4-daat-harav.html;sources/shabbat/siman-243/niveau-4-daat-harav.html;sources/shabbat/siman-246/niveau-4-daat-harav.html,,multi,,,SEO-title-duplique,MOYENNE,Siman 242 · Niveau 4 — Chitah de l'Admour HaZaken | Hilkhot Shabbat,Titre identique sur 3 pages,Rendre chaque <title> unique,haute,non
T0206,https://daattorah.com,sources/shabbat/siman-304/index-en.html;sources/shabbat/siman-304/index.html,,multi,,,SEO-title-duplique,MOYENNE,Siman 304 — Le repos du serviteur et de l'esclave | Hilkhot Shabbat,Titre identique sur 2 pages,Rendre chaque <title> unique,haute,non
T0207,https://daattorah.com,sources/shabbat/siman-322/index-en.html;sources/shabbat/siman-322/index.html,,multi,,,SEO-title-duplique,MOYENNE,Siman 322 — L'œuf pondu le Chabbat (Nolad) | Hilkhot Shabbat,Titre identique sur 2 pages,Rendre chaque <title> unique,haute,non
T0208,https://daattorah.com,sources/yoreh-deah/siman-113/index-en.html;sources/yoreh-deah/siman-113/niveau-1-base-en.html;sources/yoreh-deah/siman-113/niveau-3-synthese-en.html;sources/yoreh-deah/siman-113/niveau-4-halakha-en.html,,multi,,,SEO-title-duplique,MOYENNE,Siman 113 — Food Cooked by Non-Jews (בישולי עכו״ם) | DAAT,Titre identique sur 4 pages,Rendre chaque <title> unique,haute,non
T0209,https://daattorah.com,sources/yoreh-deah/siman-113/index.html;sources/yoreh-deah/siman-113/niveau-1-base.html;sources/yoreh-deah/siman-113/niveau-3-synthese.html;sources/yoreh-deah/siman-113/niveau-4-halakha.html,,multi,,,SEO-title-duplique,MOYENNE,Siman 113 — La cuisson des non-Juifs (בישולי עכו״ם) | DAAT,Titre identique sur 4 pages,Rendre chaque <title> unique,haute,non
T0210,https://daattorah.com,sources/yoreh-deah/siman-114/index-en.html;sources/yoreh-deah/siman-114/niveau-1-base-en.html;sources/yoreh-deah/siman-114/niveau-3-synthese-en.html,,multi,,,SEO-title-duplique,MOYENNE,Siman 114 — Beer & Beverages of Non-Jews (שכר עכו״ם) | DAAT,Titre identique sur 3 pages,Rendre chaque <title> unique,haute,non
T0211,https://daattorah.com,sources/yoreh-deah/siman-114/index-he.html;sources/yoreh-deah/siman-114/niveau-1-base-he.html;sources/yoreh-deah/siman-114/niveau-3-synthese-he.html;sources/yoreh-deah/siman-114/niveau-4-halakha-he.html,,multi,,,SEO-title-duplique,MOYENNE,סימן קי״ד — דין שכר ושאר משקין של עכו״ם | DAAT,Titre identique sur 4 pages,Rendre chaque <title> unique,haute,non
T0212,https://daattorah.com,sources/yoreh-deah/siman-114/index.html;sources/yoreh-deah/siman-114/niveau-1-base.html;sources/yoreh-deah/siman-114/niveau-3-synthese.html;sources/yoreh-deah/siman-114/niveau-4-halakha.html,,multi,,,SEO-title-duplique,MOYENNE,Siman 114 — La bière des non-Juifs (שכר עכו״ם) | DAAT,Titre identique sur 4 pages,Rendre chaque <title> unique,haute,non
T0213,https://daattorah.com,sources/yoreh-deah/siman-115/index-en.html;sources/yoreh-deah/siman-115/niveau-3-synthese-en.html;sources/yoreh-deah/siman-115/niveau-4-halakha-en.html,,multi,,,SEO-title-duplique,MOYENNE,"Siman 115 — Milk, Cheese & Butter of Non-Jews | DAAT",Titre identique sur 3 pages,Rendre chaque <title> unique,haute,non
T0214,https://daattorah.com,sources/yoreh-deah/siman-115/index-he.html;sources/yoreh-deah/siman-115/niveau-1-base-he.html;sources/yoreh-deah/siman-115/niveau-3-synthese-he.html;sources/yoreh-deah/siman-115/niveau-4-halakha-he.html,,multi,,,SEO-title-duplique,MOYENNE,סימן קט״ו — דין חלב וגבינה של עכו״ם | DAAT,Titre identique sur 4 pages,Rendre chaque <title> unique,haute,non
T0215,https://daattorah.com,sources/yoreh-deah/siman-115/index.html;sources/yoreh-deah/siman-115/niveau-1-base.html;sources/yoreh-deah/siman-115/niveau-3-synthese.html;sources/yoreh-deah/siman-115/niveau-4-halakha.html,,multi,,,SEO-title-duplique,MOYENNE,Siman 115 — Le lait des non-Juifs (חלב עכו״ם) | DAAT,Titre identique sur 4 pages,Rendre chaque <title> unique,haute,non
T0216,https://daattorah.com,sources/yoreh-deah/siman-116/index-he.html;sources/yoreh-deah/siman-116/niveau-3-synthese-he.html,,multi,,,SEO-title-duplique,MOYENNE,סימן קט״ז — דברים האסורים משום סכנה | DAAT,Titre identique sur 2 pages,Rendre chaque <title> unique,haute,non
T0217,https://daattorah.com,sources/yoreh-deah/siman-117/index-en.html;sources/yoreh-deah/siman-117/niveau-1-base-en.html;sources/yoreh-deah/siman-117/niveau-4-halakha-en.html,,multi,,,SEO-title-duplique,MOYENNE,Siman 117 — Trading in Forbidden Food (סחורה) | DAAT,Titre identique sur 3 pages,Rendre chaque <title> unique,haute,non
T0218,https://daattorah.com,sources/yoreh-deah/siman-117/index-he.html;sources/yoreh-deah/siman-117/niveau-1-base-he.html;sources/yoreh-deah/siman-117/niveau-3-synthese-he.html;sources/yoreh-deah/siman-117/niveau-4-halakha-he.html,,multi,,,SEO-title-duplique,MOYENNE,סימן קי״ז — שלא לעשות סחורה מדבר איסור | DAAT,Titre identique sur 4 pages,Rendre chaque <title> unique,haute,non
T0219,https://daattorah.com,sources/yoreh-deah/siman-117/index.html;sources/yoreh-deah/siman-117/niveau-1-base.html;sources/yoreh-deah/siman-117/niveau-4-halakha.html,,multi,,,SEO-title-duplique,MOYENNE,Siman 117 — Commerce d'un aliment interdit (סחורה) | DAAT,Titre identique sur 3 pages,Rendre chaque <title> unique,haute,non
T0220,https://daattorah.com,sources/yoreh-deah/siman-118/index-en.html;sources/yoreh-deah/siman-118/niveau-3-synthese-en.html;sources/yoreh-deah/siman-118/niveau-4-halakha-en.html,,multi,,,SEO-title-duplique,MOYENNE,Siman 118 — Food Entrusted via a Non-Jew (חותמות) | DAAT,Titre identique sur 3 pages,Rendre chaque <title> unique,haute,non
T0221,https://daattorah.com,sources/yoreh-deah/siman-118/index-he.html;sources/yoreh-deah/siman-118/niveau-1-base-he.html;sources/yoreh-deah/siman-118/niveau-3-synthese-he.html;sources/yoreh-deah/siman-118/niveau-4-halakha-he.html,,multi,,,SEO-title-duplique,MOYENNE,סימן קי״ח — חותמות בדבר הנשלח ביד עכו״ם | DAAT,Titre identique sur 4 pages,Rendre chaque <title> unique,haute,non
T0222,https://daattorah.com,sources/yoreh-deah/siman-118/index.html;sources/yoreh-deah/siman-118/niveau-4-halakha.html,,multi,,,SEO-title-duplique,MOYENNE,Siman 118 — Aliments confiés à un non-Juif (חותמות) | DAAT,Titre identique sur 2 pages,Rendre chaque <title> unique,haute,non
T0223,https://daattorah.com,sources/yoreh-deah/siman-183/index-en.html;sources/yoreh-deah/siman-183/niveau-1-base-en.html;sources/yoreh-deah/siman-183/niveau-3-synthese-en.html;sources/yoreh-deah/siman-183/niveau-4-halakha-en.html,,multi,,,SEO-title-duplique,MOYENNE,Siman 183 — Foundation of Niddah (Seven Clean Days) | DAAT,Titre identique sur 4 pages,Rendre chaque <title> unique,haute,non
T0224,https://daattorah.com,sources/yoreh-deah/siman-183/index-he.html;sources/yoreh-deah/siman-183/niveau-1-base-he.html;sources/yoreh-deah/siman-183/niveau-3-synthese-he.html;sources/yoreh-deah/siman-183/niveau-4-halakha-he.html,,multi,,,SEO-title-duplique,MOYENNE,סימן קפ״ג — יסוד דין הנדה ושבעה נקיים | DAAT,Titre identique sur 4 pages,Rendre chaque <title> unique,haute,non
T0225,https://daattorah.com,sources/yoreh-deah/siman-183/index.html;sources/yoreh-deah/siman-183/niveau-1-base.html;sources/yoreh-deah/siman-183/niveau-4-halakha.html,,multi,,,SEO-title-duplique,MOYENNE,Siman 183 — Le fondement de la Nidah (ז׳ נקיים) | DAAT,Titre identique sur 3 pages,Rendre chaque <title> unique,haute,non
T0226,https://daattorah.com,sources/yoreh-deah/siman-184/index-en.html;sources/yoreh-deah/siman-184/niveau-3-synthese-en.html;sources/yoreh-deah/siman-184/niveau-4-halakha-en.html,,multi,,,SEO-title-duplique,MOYENNE,Siman 184 — Separating Before the Period (Vesatot) | DAAT,Titre identique sur 3 pages,Rendre chaque <title> unique,haute,non
T0227,https://daattorah.com,sources/yoreh-deah/siman-184/index-he.html;sources/yoreh-deah/siman-184/niveau-1-base-he.html;sources/yoreh-deah/siman-184/niveau-3-synthese-he.html;sources/yoreh-deah/siman-184/niveau-4-halakha-he.html,,multi,,,SEO-title-duplique,MOYENNE,סימן קפ״ד — פרישה סמוך לווסת | DAAT,Titre identique sur 4 pages,Rendre chaque <title> unique,haute,non
T0228,https://daattorah.com,sources/yoreh-deah/siman-184/index.html;sources/yoreh-deah/siman-184/niveau-3-synthese.html;sources/yoreh-deah/siman-184/niveau-4-halakha.html,,multi,,,SEO-title-duplique,MOYENNE,Siman 184 — Perisha avant la période (וסתות) | DAAT,Titre identique sur 3 pages,Rendre chaque <title> unique,haute,non
T0229,https://daattorah.com,sources/yoreh-deah/siman-185/index-en.html;sources/yoreh-deah/siman-185/niveau-1-base-en.html;sources/yoreh-deah/siman-185/niveau-3-synthese-en.html;sources/yoreh-deah/siman-185/niveau-4-halakha-en.html,,multi,,,SEO-title-duplique,MOYENNE,Siman 185 — The Woman's Word (Ne'emanut) | DAAT,Titre identique sur 4 pages,Rendre chaque <title> unique,haute,non
T0230,https://daattorah.com,sources/yoreh-deah/siman-185/index-he.html;sources/yoreh-deah/siman-185/niveau-1-base-he.html;sources/yoreh-deah/siman-185/niveau-3-synthese-he.html;sources/yoreh-deah/siman-185/niveau-4-halakha-he.html,,multi,,,SEO-title-duplique,MOYENNE,סימן קפ״ה — נאמנות האשה ואמתלא | DAAT,Titre identique sur 4 pages,Rendre chaque <title> unique,haute,non
T0231,https://daattorah.com,sources/yoreh-deah/siman-185/index.html;sources/yoreh-deah/siman-185/niveau-1-base.html;sources/yoreh-deah/siman-185/niveau-3-synthese.html;sources/yoreh-deah/siman-185/niveau-4-halakha.html,,multi,,,SEO-title-duplique,MOYENNE,Siman 185 — La parole de la femme (נאמנות) | DAAT,Titre identique sur 4 pages,Rendre chaque <title> unique,haute,non
T0232,https://daattorah.com,sources/yoreh-deah/siman-186/index-en.html;sources/yoreh-deah/siman-186/niveau-1-base-en.html;sources/yoreh-deah/siman-186/niveau-3-synthese-en.html;sources/yoreh-deah/siman-186/niveau-4-halakha-en.html,,multi,,,SEO-title-duplique,MOYENNE,Siman 186 — Bedikot Before and After Relations | DAAT,Titre identique sur 4 pages,Rendre chaque <title> unique,haute,non
T0233,https://daattorah.com,sources/yoreh-deah/siman-186/index-he.html;sources/yoreh-deah/siman-186/niveau-1-base-he.html;sources/yoreh-deah/siman-186/niveau-3-synthese-he.html;sources/yoreh-deah/siman-186/niveau-4-halakha-he.html,,multi,,,SEO-title-duplique,MOYENNE,סימן קפ״ו — בדיקת האשה לפני ולאחר תשמיש | DAAT,Titre identique sur 4 pages,Rendre chaque <title> unique,haute,non
T0234,https://daattorah.com,sources/yoreh-deah/siman-186/index.html;sources/yoreh-deah/siman-186/niveau-1-base.html;sources/yoreh-deah/siman-186/niveau-3-synthese.html;sources/yoreh-deah/siman-186/niveau-4-halakha.html,,multi,,,SEO-title-duplique,MOYENNE,Siman 186 — Bedikot avant/après le rapport (וסת) | DAAT,Titre identique sur 4 pages,Rendre chaque <title> unique,haute,non
T0235,https://daattorah.com,sources/yoreh-deah/siman-187/index-en.html;sources/yoreh-deah/siman-187/niveau-1-base-en.html;sources/yoreh-deah/siman-187/niveau-3-synthese-en.html;sources/yoreh-deah/siman-187/niveau-4-halakha-en.html,,multi,,,SEO-title-duplique,MOYENNE,Siman 187 — Bleeding From Relations | DAAT,Titre identique sur 4 pages,Rendre chaque <title> unique,haute,non
T0236,https://daattorah.com,sources/yoreh-deah/siman-187/index-he.html;sources/yoreh-deah/siman-187/niveau-1-base-he.html;sources/yoreh-deah/siman-187/niveau-3-synthese-he.html;sources/yoreh-deah/siman-187/niveau-4-halakha-he.html,,multi,,,SEO-title-duplique,MOYENNE,סימן קפ״ז — דין רואה מחמת תשמיש | DAAT,Titre identique sur 4 pages,Rendre chaque <title> unique,haute,non
T0237,https://daattorah.com,sources/yoreh-deah/siman-187/index.html;sources/yoreh-deah/siman-187/niveau-1-base.html;sources/yoreh-deah/siman-187/niveau-3-synthese.html;sources/yoreh-deah/siman-187/niveau-4-halakha.html,,multi,,,SEO-title-duplique,MOYENNE,Siman 187 — Saignement lors du rapport (רמ״ת) | DAAT,Titre identique sur 4 pages,Rendre chaque <title> unique,haute,non
T0238,https://daattorah.com,sources/yoreh-deah/siman-188/index-en.html;sources/yoreh-deah/siman-188/niveau-1-base-en.html;sources/yoreh-deah/siman-188/niveau-3-synthese-en.html;sources/yoreh-deah/siman-188/niveau-4-halakha-en.html,,multi,,,SEO-title-duplique,MOYENNE,Siman 188 — The Colors of Niddah Blood | DAAT,Titre identique sur 4 pages,Rendre chaque <title> unique,haute,non
T0239,https://daattorah.com,sources/yoreh-deah/siman-188/index-he.html;sources/yoreh-deah/siman-188/niveau-1-base-he.html;sources/yoreh-deah/siman-188/niveau-3-synthese-he.html;sources/yoreh-deah/siman-188/niveau-4-halakha-he.html,,multi,,,SEO-title-duplique,MOYENNE,סימן קפ״ח — מראות הדם הטמאים והטהורים | DAAT,Titre identique sur 4 pages,Rendre chaque <title> unique,haute,non
T0240,https://daattorah.com,sources/yoreh-deah/siman-188/index.html;sources/yoreh-deah/siman-188/niveau-1-base.html;sources/yoreh-deah/siman-188/niveau-3-synthese.html;sources/yoreh-deah/siman-188/niveau-4-halakha.html,,multi,,,SEO-title-duplique,MOYENNE,Siman 188 — Les couleurs de sang (מראות) | DAAT,Titre identique sur 4 pages,Rendre chaque <title> unique,haute,non
T0241,https://daattorah.com,sources/yoreh-deah/siman-189/index-en.html;sources/yoreh-deah/siman-189/niveau-1-base-en.html;sources/yoreh-deah/siman-189/niveau-3-synthese-en.html;sources/yoreh-deah/siman-189/niveau-4-halakha-en.html,,multi,,,SEO-title-duplique,MOYENNE,Siman 189 — The Menstrual Vesatot | DAAT,Titre identique sur 4 pages,Rendre chaque <title> unique,haute,non
T0242,https://daattorah.com,sources/yoreh-deah/siman-189/index-he.html;sources/yoreh-deah/siman-189/niveau-1-base-he.html;sources/yoreh-deah/siman-189/niveau-3-synthese-he.html;sources/yoreh-deah/siman-189/niveau-4-halakha-he.html,,multi,,,SEO-title-duplique,MOYENNE,סימן קפ״ט — דיני הווסתות | DAAT,Titre identique sur 4 pages,Rendre chaque <title> unique,haute,non
T0243,https://daattorah.com,sources/yoreh-deah/siman-189/index.html;sources/yoreh-deah/siman-189/niveau-1-base.html;sources/yoreh-deah/siman-189/niveau-3-synthese.html;sources/yoreh-deah/siman-189/niveau-4-halakha.html,,multi,,,SEO-title-duplique,MOYENNE,Siman 189 — Les périodes menstruelles (וסתות) | DAAT,Titre identique sur 4 pages,Rendre chaque <title> unique,haute,non
T0244,https://daattorah.com,sources/yoreh-deah/siman-190/index-en.html;sources/yoreh-deah/siman-190/niveau-1-base-en.html;sources/yoreh-deah/siman-190/niveau-3-synthese-en.html;sources/yoreh-deah/siman-190/niveau-4-halakha-en.html,,multi,,,SEO-title-duplique,MOYENNE,Siman 190 — The Laws of Stains (Ketamim) | DAAT,Titre identique sur 4 pages,Rendre chaque <title> unique,haute,non
T0245,https://daattorah.com,sources/yoreh-deah/siman-190/index-he.html;sources/yoreh-deah/siman-190/niveau-1-base-he.html;sources/yoreh-deah/siman-190/niveau-3-synthese-he.html;sources/yoreh-deah/siman-190/niveau-4-halakha-he.html,,multi,,,SEO-title-duplique,MOYENNE,סימן ק״צ — דיני הכתמים ובדיקת האשה | DAAT,Titre identique sur 4 pages,Rendre chaque <title> unique,haute,non
T0246,https://daattorah.com,sources/yoreh-deah/siman-190/index.html;sources/yoreh-deah/siman-190/niveau-1-base.html;sources/yoreh-deah/siman-190/niveau-3-synthese.html;sources/yoreh-deah/siman-190/niveau-4-halakha.html,,multi,,,SEO-title-duplique,MOYENNE,Siman 190 — Les taches (כתמים) | DAAT,Titre identique sur 4 pages,Rendre chaque <title> unique,haute,non
T0247,https://daattorah.com,sources/yoreh-deah/siman-191/index-en.html;sources/yoreh-deah/siman-191/niveau-1-base-en.html;sources/yoreh-deah/siman-191/niveau-3-synthese-en.html;sources/yoreh-deah/siman-191/niveau-4-halakha-en.html,,multi,,,SEO-title-duplique,MOYENNE,Siman 191 — Blood Found While Urinating | DAAT,Titre identique sur 4 pages,Rendre chaque <title> unique,haute,non
T0248,https://daattorah.com,sources/yoreh-deah/siman-191/index-he.html;sources/yoreh-deah/siman-191/niveau-1-base-he.html;sources/yoreh-deah/siman-191/niveau-3-synthese-he.html;sources/yoreh-deah/siman-191/niveau-4-halakha-he.html,,multi,,,SEO-title-duplique,MOYENNE,סימן קצ״א — דם הנמצא במי רגליה | DAAT,Titre identique sur 4 pages,Rendre chaque <title> unique,haute,non
T0249,https://daattorah.com,sources/yoreh-deah/siman-191/index.html;sources/yoreh-deah/siman-191/niveau-1-base.html;sources/yoreh-deah/siman-191/niveau-3-synthese.html;sources/yoreh-deah/siman-191/niveau-4-halakha.html,,multi,,,SEO-title-duplique,MOYENNE,Siman 191 — Le sang en urinant (דם בהשתנה) | DAAT,Titre identique sur 4 pages,Rendre chaque <title> unique,haute,non
T0250,https://daattorah.com,sources/yoreh-deah/siman-192/index-en.html;sources/yoreh-deah/siman-192/niveau-1-base-en.html;sources/yoreh-deah/siman-192/niveau-3-synthese-en.html;sources/yoreh-deah/siman-192/niveau-4-halakha-en.html,,multi,,,SEO-title-duplique,MOYENNE,Siman 192 — The Bride Before the Chuppah (Kallah) | DAAT,Titre identique sur 4 pages,Rendre chaque <title> unique,haute,non
T0251,https://daattorah.com,sources/yoreh-deah/siman-192/index-he.html;sources/yoreh-deah/siman-192/niveau-1-base-he.html;sources/yoreh-deah/siman-192/niveau-3-synthese-he.html;sources/yoreh-deah/siman-192/niveau-4-halakha-he.html,,multi,,,SEO-title-duplique,MOYENNE,סימן קצ״ב — דיני כלה ושבעה נקיים של חימוד | DAAT,Titre identique sur 4 pages,Rendre chaque <title> unique,haute,non
T0252,https://daattorah.com,sources/yoreh-deah/siman-192/index.html;sources/yoreh-deah/siman-192/niveau-1-base.html;sources/yoreh-deah/siman-192/niveau-3-synthese.html;sources/yoreh-deah/siman-192/niveau-4-halakha.html,,multi,,,SEO-title-duplique,MOYENNE,Siman 192 — La mariée avant la houppa (כלה) | DAAT,Titre identique sur 4 pages,Rendre chaque <title> unique,haute,non
T0253,https://daattorah.com,sources/yoreh-deah/siman-193/index-en.html;sources/yoreh-deah/siman-193/niveau-3-synthese-en.html;sources/yoreh-deah/siman-193/niveau-4-halakha-en.html,,multi,,,SEO-title-duplique,MOYENNE,Siman 193 — The Blood of the First Union (Dam Betulim) | DAAT,Titre identique sur 3 pages,Rendre chaque <title> unique,haute,non
T0254,https://daattorah.com,sources/yoreh-deah/siman-193/index-he.html;sources/yoreh-deah/siman-193/niveau-1-base-he.html;sources/yoreh-deah/siman-193/niveau-3-synthese-he.html;sources/yoreh-deah/siman-193/niveau-4-halakha-he.html,,multi,,,SEO-title-duplique,MOYENNE,סימן קצ״ג — דין דם בתולים ובעילת מצוה | DAAT,Titre identique sur 4 pages,Rendre chaque <title> unique,haute,non
T0255,https://daattorah.com,sources/yoreh-deah/siman-193/index.html;sources/yoreh-deah/siman-193/niveau-1-base.html;sources/yoreh-deah/siman-193/niveau-3-synthese.html;sources/yoreh-deah/siman-193/niveau-4-halakha.html,,multi,,,SEO-title-duplique,MOYENNE,Siman 193 — Le sang de la première union (דם בתולים) | DAAT,Titre identique sur 4 pages,Rendre chaque <title> unique,haute,non
T0256,https://daattorah.com,sources/yoreh-deah/siman-194/index-en.html;sources/yoreh-deah/siman-194/niveau-1-base-en.html;sources/yoreh-deah/siman-194/niveau-3-synthese-en.html;sources/yoreh-deah/siman-194/niveau-4-halakha-en.html,,multi,,,SEO-title-duplique,MOYENNE,Siman 194 — Childbirth and Miscarriage (Yoledet) | DAAT,Titre identique sur 4 pages,Rendre chaque <title> unique,haute,non
T0257,https://daattorah.com,sources/yoreh-deah/siman-194/index-he.html;sources/yoreh-deah/siman-194/niveau-1-base-he.html;sources/yoreh-deah/siman-194/niveau-3-synthese-he.html;sources/yoreh-deah/siman-194/niveau-4-halakha-he.html,,multi,,,SEO-title-duplique,MOYENNE,סימן קצ״ד — דיני יולדת ומפלת | DAAT,Titre identique sur 4 pages,Rendre chaque <title> unique,haute,non
T0258,https://daattorah.com,sources/yoreh-deah/siman-194/index.html;sources/yoreh-deah/siman-194/niveau-1-base.html;sources/yoreh-deah/siman-194/niveau-3-synthese.html;sources/yoreh-deah/siman-194/niveau-4-halakha.html,,multi,,,SEO-title-duplique,MOYENNE,Siman 194 — Accouchement et fausse couche (יולדת) | DAAT,Titre identique sur 4 pages,Rendre chaque <title> unique,haute,non
T0259,https://daattorah.com,sources/yoreh-deah/siman-195/index-en.html;sources/yoreh-deah/siman-195/niveau-4-halakha-en.html,,multi,,,SEO-title-duplique,MOYENNE,Siman 195 — The Separations During Niddah (הרחקות) | DAAT,Titre identique sur 2 pages,Rendre chaque <title> unique,haute,non
T0260,https://daattorah.com,sources/yoreh-deah/siman-195/index-he.html;sources/yoreh-deah/siman-195/niveau-1-base-he.html;sources/yoreh-deah/siman-195/niveau-3-synthese-he.html;sources/yoreh-deah/siman-195/niveau-4-halakha-he.html,,multi,,,SEO-title-duplique,MOYENNE,סימן קצ״ה — דיני ההרחקות | DAAT,Titre identique sur 4 pages,Rendre chaque <title> unique,haute,non
T0261,https://daattorah.com,sources/yoreh-deah/siman-195/index.html;sources/yoreh-deah/siman-195/niveau-1-base.html;sources/yoreh-deah/siman-195/niveau-3-synthese.html;sources/yoreh-deah/siman-195/niveau-4-halakha.html,,multi,,,SEO-title-duplique,MOYENNE,Siman 195 — Les séparations pendant la nidda (הרחקות) | DAAT,Titre identique sur 4 pages,Rendre chaque <title> unique,haute,non
T0262,https://daattorah.com,sources/yoreh-deah/siman-195/niveau-1-base-en.html;sources/yoreh-deah/siman-195/niveau-3-synthese-en.html,,multi,,,SEO-title-duplique,MOYENNE,Siman 195 — The Separations During Niddah (Harchakot) | DAAT,Titre identique sur 2 pages,Rendre chaque <title> unique,haute,non
T0263,https://daattorah.com,sources/yoreh-deah/siman-196/index-en.html;sources/yoreh-deah/siman-196/niveau-3-synthese-en.html;sources/yoreh-deah/siman-196/niveau-4-halakha-en.html,,multi,,,SEO-title-duplique,MOYENNE,Siman 196 — Hefsek Tahara and the Seven Clean Days | DAAT,Titre identique sur 3 pages,Rendre chaque <title> unique,haute,non
T0264,https://daattorah.com,sources/yoreh-deah/siman-196/index-he.html;sources/yoreh-deah/siman-196/niveau-1-base-he.html,,multi,,,SEO-title-duplique,MOYENNE,סימן קצ״ו — הפסק טהרה וז' נקיים | DAAT,Titre identique sur 2 pages,Rendre chaque <title> unique,haute,non
T0265,https://daattorah.com,sources/yoreh-deah/siman-196/index.html;sources/yoreh-deah/siman-196/niveau-1-base.html;sources/yoreh-deah/siman-196/niveau-3-synthese.html;sources/yoreh-deah/siman-196/niveau-4-halakha.html,,multi,,,SEO-title-duplique,MOYENNE,Siman 196 — Hefsek tahara et sept jours propres | DAAT,Titre identique sur 4 pages,Rendre chaque <title> unique,haute,non
T0266,https://daattorah.com,sources/yoreh-deah/siman-197/index-en.html;sources/yoreh-deah/siman-197/niveau-1-base-en.html;sources/yoreh-deah/siman-197/niveau-3-synthese-en.html;sources/yoreh-deah/siman-197/niveau-4-halakha-en.html,,multi,,,SEO-title-duplique,MOYENNE,Siman 197 — The Time of the Tevilah | DAAT,Titre identique sur 4 pages,Rendre chaque <title> unique,haute,non
T0267,https://daattorah.com,sources/yoreh-deah/siman-197/index-he.html;sources/yoreh-deah/siman-197/niveau-1-base-he.html;sources/yoreh-deah/siman-197/niveau-3-synthese-he.html;sources/yoreh-deah/siman-197/niveau-4-halakha-he.html,,multi,,,SEO-title-duplique,MOYENNE,סימן קצ״ז — דיני זמן הטבילה | DAAT,Titre identique sur 4 pages,Rendre chaque <title> unique,haute,non
T0268,https://daattorah.com,sources/yoreh-deah/siman-197/index.html;sources/yoreh-deah/siman-197/niveau-1-base.html;sources/yoreh-deah/siman-197/niveau-3-synthese.html;sources/yoreh-deah/siman-197/niveau-4-halakha.html,,multi,,,SEO-title-duplique,MOYENNE,Siman 197 — Le moment de la טבילה (שלא תטבול ביום) | DAAT,Titre identique sur 4 pages,Rendre chaque <title> unique,haute,non
T0269,https://daattorah.com,sources/yoreh-deah/siman-198/index-en.html;sources/yoreh-deah/siman-198/niveau-1-base-en.html;sources/yoreh-deah/siman-198/niveau-3-synthese-en.html;sources/yoreh-deah/siman-198/niveau-4-halakha-en.html,,multi,,,SEO-title-duplique,MOYENNE,Siman 198 — Immersion and Interposition (Chatsitsa) | DAAT,Titre identique sur 4 pages,Rendre chaque <title> unique,haute,non
T0270,https://daattorah.com,sources/yoreh-deah/siman-198/index-he.html;sources/yoreh-deah/siman-198/niveau-1-base-he.html;sources/yoreh-deah/siman-198/niveau-3-synthese-he.html;sources/yoreh-deah/siman-198/niveau-4-halakha-he.html,,multi,,,SEO-title-duplique,MOYENNE,סימן קצ״ח — דיני טבילה וחציצה | DAAT,Titre identique sur 4 pages,Rendre chaque <title> unique,haute,non
T0271,https://daattorah.com,sources/yoreh-deah/siman-198/index.html;sources/yoreh-deah/siman-198/niveau-1-base.html;sources/yoreh-deah/siman-198/niveau-3-synthese.html;sources/yoreh-deah/siman-198/niveau-4-halakha.html,,multi,,,SEO-title-duplique,MOYENNE,Siman 198 — L'immersion et la ḥatsitsa (טבילה וחציצה) | DAAT,Titre identique sur 4 pages,Rendre chaque <title> unique,haute,non
T0272,https://daattorah.com,sources/yoreh-deah/siman-199/index-en.html;sources/yoreh-deah/siman-199/niveau-1-base-en.html;sources/yoreh-deah/siman-199/niveau-3-synthese-en.html;sources/yoreh-deah/siman-199/niveau-4-halakha-en.html,,multi,,,SEO-title-duplique,MOYENNE,Siman 199 — The Chafifah and the Hidden Places | DAAT,Titre identique sur 4 pages,Rendre chaque <title> unique,haute,non
T0273,https://daattorah.com,sources/yoreh-deah/siman-199/index-he.html;sources/yoreh-deah/siman-199/niveau-1-base-he.html;sources/yoreh-deah/siman-199/niveau-3-synthese-he.html;sources/yoreh-deah/siman-199/niveau-4-halakha-he.html,,multi,,,SEO-title-duplique,MOYENNE,סימן קצ״ט — דיני חפיפה ובדיקת בית הסתרים | DAAT,Titre identique sur 4 pages,Rendre chaque <title> unique,haute,non
T0274,https://daattorah.com,sources/yoreh-deah/siman-199/index.html;sources/yoreh-deah/siman-199/niveau-3-synthese.html;sources/yoreh-deah/siman-199/niveau-4-halakha.html,,multi,,,SEO-title-duplique,MOYENNE,Siman 199 — La ḥafifa et le bית הסתרים (חפיפה) | DAAT,Titre identique sur 3 pages,Rendre chaque <title> unique,haute,non
T0275,https://daattorah.com,sources/yoreh-deah/siman-200/index-en.html;sources/yoreh-deah/siman-200/niveau-1-base-en.html;sources/yoreh-deah/siman-200/niveau-3-synthese-en.html;sources/yoreh-deah/siman-200/niveau-4-halakha-en.html,,multi,,,SEO-title-duplique,MOYENNE,Siman 200 — The Blessing of the Immersion | DAAT,Titre identique sur 4 pages,Rendre chaque <title> unique,haute,non
T0276,https://daattorah.com,sources/yoreh-deah/siman-200/index-he.html;sources/yoreh-deah/siman-200/niveau-1-base-he.html;sources/yoreh-deah/siman-200/niveau-3-synthese-he.html;sources/yoreh-deah/siman-200/niveau-4-halakha-he.html,,multi,,,SEO-title-duplique,MOYENNE,סימן ר׳ — דין ברכת הטבילה | DAAT,Titre identique sur 4 pages,Rendre chaque <title> unique,haute,non
T0277,https://daattorah.com,sources/yoreh-deah/siman-200/index.html;sources/yoreh-deah/siman-200/niveau-1-base.html;sources/yoreh-deah/siman-200/niveau-3-synthese.html;sources/yoreh-deah/siman-200/niveau-4-halakha.html,,multi,,,SEO-title-duplique,MOYENNE,Siman 200 — La bénédiction de l'immersion (ברכת הטבילה) | DAAT,Titre identique sur 4 pages,Rendre chaque <title> unique,haute,non
T-META-GERSHAYIM,https://daattorah.com/oh/*,sources/shabbat/**/*.html (1093 fichiers),meta description/og/twitter,FR+HE+EN,multiple,tous,meta-attribut-casse-par-gershayim,IMPORTANTE,"content=""Siman רמ""ה — …"" (le guillemet ASCII du numéral hébraïque ferme l'attribut)","1093 fichiers: un gershayim hébraïque non échappé (rendu "") dans un attribut content=""…"" ferme l'attribut -> meta description/og:title/twitter cassés. Répartition: description 1087, og:title 1063, twitter:title 986, twitter:description 268, og:description 66, keywords 5. Quasi tout Shabbat.",Échapper le gershayim dans les attributs (&quot; ou caractère typographique ״ U+05F4) ; script de correction en masse recommandé,haute,non
T-ARTEFACTS-AVERIFIER,https://daattorah.com/oh/*/daat-harav,sources/shabbat/**/niveau-4-daat-harav*.html (45 fichiers),commentaires HTML,FR+EN,"244,249-257,264,265,268,275,276,295,296,301,304,305,311,319,320,322,347,358",4-DaatHaRav,artefacts-editoriaux-en-production,IMPORTANTE,<!-- à vérifier --> / <!-- to verify --> / <!-- Contenu SHHaRav à vérifier édition Kehot -->,112 commentaires «à vérifier/to verify» laissés par l auteur en production dans 45 pages Daat HaRav (25 simanim). Marquent des references/positions du Rav (édition Kehot du Choulhan Aroukh HaRav) que l auteur lui-même n a pas confirmees. Double enjeu: artefact technique + contenu halakhique auto-signalé non vérifié.,PRIORITE RAV: faire vérifier ces 112 points (liste dans audit/artefacts-a-verifier.csv) puis retirer les commentaires. Siman 322 particulièrement concerné.,haute,oui
