Fichier_FR,Probleme,Fichier_attendu
sources/yoreh-deah/siman-103/niveau-2-lamdan.html,HE manquant,sources/yoreh-deah/siman-103/niveau-2-lamdan-he.html
sources/yoreh-deah/siman-103/niveau-2-lamdan.html,EN manquant,sources/yoreh-deah/siman-103/niveau-2-lamdan-en.html
sources/yoreh-deah/siman-197/niveau-2-lamdan.html,HE manquant,sources/yoreh-deah/siman-197/niveau-2-lamdan-he.html
sources/yoreh-deah/siman-197/niveau-2-lamdan.html,EN manquant,sources/yoreh-deah/siman-197/niveau-2-lamdan-en.html
sources/yoreh-deah/siman-100/niveau-2-lamdan.html,HE manquant,sources/yoreh-deah/siman-100/niveau-2-lamdan-he.html
sources/yoreh-deah/siman-100/niveau-2-lamdan.html,EN manquant,sources/yoreh-deah/siman-100/niveau-2-lamdan-en.html
sources/yoreh-deah/siman-109/niveau-2-lamdan.html,HE manquant,sources/yoreh-deah/siman-109/niveau-2-lamdan-he.html
sources/yoreh-deah/siman-109/niveau-2-lamdan.html,EN manquant,sources/yoreh-deah/siman-109/niveau-2-lamdan-en.html
sources/yoreh-deah/siman-105/niveau-2-lamdan.html,HE manquant,sources/yoreh-deah/siman-105/niveau-2-lamdan-he.html
sources/yoreh-deah/siman-105/niveau-2-lamdan.html,EN manquant,sources/yoreh-deah/siman-105/niveau-2-lamdan-en.html
sources/yoreh-deah/siman-196/niveau-2-lamdan.html,HE manquant,sources/yoreh-deah/siman-196/niveau-2-lamdan-he.html
sources/yoreh-deah/siman-196/niveau-2-lamdan.html,EN manquant,sources/yoreh-deah/siman-196/niveau-2-lamdan-en.html
sources/yoreh-deah/siman-117/niveau-2-lamdan.html,HE manquant,sources/yoreh-deah/siman-117/niveau-2-lamdan-he.html
sources/yoreh-deah/siman-117/niveau-2-lamdan.html,EN manquant,sources/yoreh-deah/siman-117/niveau-2-lamdan-en.html
sources/yoreh-deah/siman-184/niveau-2-lamdan.html,HE manquant,sources/yoreh-deah/siman-184/niveau-2-lamdan-he.html
sources/yoreh-deah/siman-184/niveau-2-lamdan.html,EN manquant,sources/yoreh-deah/siman-184/niveau-2-lamdan-en.html
sources/yoreh-deah/siman-94/niveau-2-lamdan.html,HE manquant,sources/yoreh-deah/siman-94/niveau-2-lamdan-he.html
sources/yoreh-deah/siman-94/niveau-2-lamdan.html,EN manquant,sources/yoreh-deah/siman-94/niveau-2-lamdan-en.html
sources/yoreh-deah/siman-115/niveau-2-lamdan.html,HE manquant,sources/yoreh-deah/siman-115/niveau-2-lamdan-he.html
sources/yoreh-deah/siman-115/niveau-2-lamdan.html,EN manquant,sources/yoreh-deah/siman-115/niveau-2-lamdan-en.html
sources/yoreh-deah/siman-104/niveau-2-lamdan.html,HE manquant,sources/yoreh-deah/siman-104/niveau-2-lamdan-he.html
sources/yoreh-deah/siman-104/niveau-2-lamdan.html,EN manquant,sources/yoreh-deah/siman-104/niveau-2-lamdan-en.html
sources/yoreh-deah/siman-107/niveau-2-lamdan.html,HE manquant,sources/yoreh-deah/siman-107/niveau-2-lamdan-he.html
sources/yoreh-deah/siman-107/niveau-2-lamdan.html,EN manquant,sources/yoreh-deah/siman-107/niveau-2-lamdan-en.html
sources/yoreh-deah/siman-191/niveau-2-lamdan.html,HE manquant,sources/yoreh-deah/siman-191/niveau-2-lamdan-he.html
sources/yoreh-deah/siman-191/niveau-2-lamdan.html,EN manquant,sources/yoreh-deah/siman-191/niveau-2-lamdan-en.html
sources/yoreh-deah/siman-91/niveau-2-lamdan.html,HE manquant,sources/yoreh-deah/siman-91/niveau-2-lamdan-he.html
sources/yoreh-deah/siman-91/niveau-2-lamdan.html,EN manquant,sources/yoreh-deah/siman-91/niveau-2-lamdan-en.html
sources/yoreh-deah/siman-113/niveau-2-lamdan.html,HE manquant,sources/yoreh-deah/siman-113/niveau-2-lamdan-he.html
sources/yoreh-deah/siman-113/niveau-2-lamdan.html,EN manquant,sources/yoreh-deah/siman-113/niveau-2-lamdan-en.html
sources/yoreh-deah/siman-93/niveau-2-lamdan.html,HE manquant,sources/yoreh-deah/siman-93/niveau-2-lamdan-he.html
sources/yoreh-deah/siman-93/niveau-2-lamdan.html,EN manquant,sources/yoreh-deah/siman-93/niveau-2-lamdan-en.html
sources/yoreh-deah/siman-192/niveau-2-lamdan.html,HE manquant,sources/yoreh-deah/siman-192/niveau-2-lamdan-he.html
sources/yoreh-deah/siman-192/niveau-2-lamdan.html,EN manquant,sources/yoreh-deah/siman-192/niveau-2-lamdan-en.html
sources/yoreh-deah/siman-112/niveau-2-lamdan.html,HE manquant,sources/yoreh-deah/siman-112/niveau-2-lamdan-he.html
sources/yoreh-deah/siman-112/niveau-2-lamdan.html,EN manquant,sources/yoreh-deah/siman-112/niveau-2-lamdan-en.html
sources/yoreh-deah/siman-193/niveau-2-lamdan.html,HE manquant,sources/yoreh-deah/siman-193/niveau-2-lamdan-he.html
sources/yoreh-deah/siman-193/niveau-2-lamdan.html,EN manquant,sources/yoreh-deah/siman-193/niveau-2-lamdan-en.html
sources/yoreh-deah/siman-116/niveau-2-lamdan.html,HE manquant,sources/yoreh-deah/siman-116/niveau-2-lamdan-he.html
sources/yoreh-deah/siman-116/niveau-2-lamdan.html,EN manquant,sources/yoreh-deah/siman-116/niveau-2-lamdan-en.html
sources/yoreh-deah/siman-102/niveau-2-lamdan.html,HE manquant,sources/yoreh-deah/siman-102/niveau-2-lamdan-he.html
sources/yoreh-deah/siman-102/niveau-2-lamdan.html,EN manquant,sources/yoreh-deah/siman-102/niveau-2-lamdan-en.html
sources/yoreh-deah/siman-87/niveau-2-lamdan.html,HE manquant,sources/yoreh-deah/siman-87/niveau-2-lamdan-he.html
sources/yoreh-deah/siman-87/niveau-2-lamdan.html,EN manquant,sources/yoreh-deah/siman-87/niveau-2-lamdan-en.html
sources/yoreh-deah/siman-92/niveau-2-lamdan.html,HE manquant,sources/yoreh-deah/siman-92/niveau-2-lamdan-he.html
sources/yoreh-deah/siman-92/niveau-2-lamdan.html,EN manquant,sources/yoreh-deah/siman-92/niveau-2-lamdan-en.html
sources/yoreh-deah/siman-90/niveau-2-lamdan.html,HE manquant,sources/yoreh-deah/siman-90/niveau-2-lamdan-he.html
sources/yoreh-deah/siman-90/niveau-2-lamdan.html,EN manquant,sources/yoreh-deah/siman-90/niveau-2-lamdan-en.html
sources/yoreh-deah/siman-187/niveau-2-lamdan.html,HE manquant,sources/yoreh-deah/siman-187/niveau-2-lamdan-he.html
sources/yoreh-deah/siman-187/niveau-2-lamdan.html,EN manquant,sources/yoreh-deah/siman-187/niveau-2-lamdan-en.html
sources/yoreh-deah/siman-89/niveau-2-lamdan.html,HE manquant,sources/yoreh-deah/siman-89/niveau-2-lamdan-he.html
sources/yoreh-deah/siman-89/niveau-2-lamdan.html,EN manquant,sources/yoreh-deah/siman-89/niveau-2-lamdan-en.html
sources/yoreh-deah/siman-111/niveau-2-lamdan.html,HE manquant,sources/yoreh-deah/siman-111/niveau-2-lamdan-he.html
sources/yoreh-deah/siman-111/niveau-2-lamdan.html,EN manquant,sources/yoreh-deah/siman-111/niveau-2-lamdan-en.html
sources/yoreh-deah/siman-118/niveau-2-lamdan.html,HE manquant,sources/yoreh-deah/siman-118/niveau-2-lamdan-he.html
sources/yoreh-deah/siman-118/niveau-2-lamdan.html,EN manquant,sources/yoreh-deah/siman-118/niveau-2-lamdan-en.html
sources/yoreh-deah/siman-96/niveau-2-lamdan.html,HE manquant,sources/yoreh-deah/siman-96/niveau-2-lamdan-he.html
sources/yoreh-deah/siman-96/niveau-2-lamdan.html,EN manquant,sources/yoreh-deah/siman-96/niveau-2-lamdan-en.html
sources/yoreh-deah/siman-190/niveau-2-lamdan.html,HE manquant,sources/yoreh-deah/siman-190/niveau-2-lamdan-he.html
sources/yoreh-deah/siman-190/niveau-2-lamdan.html,EN manquant,sources/yoreh-deah/siman-190/niveau-2-lamdan-en.html
sources/yoreh-deah/siman-101/niveau-2-lamdan.html,HE manquant,sources/yoreh-deah/siman-101/niveau-2-lamdan-he.html
sources/yoreh-deah/siman-101/niveau-2-lamdan.html,EN manquant,sources/yoreh-deah/siman-101/niveau-2-lamdan-en.html
sources/yoreh-deah/siman-108/niveau-2-lamdan.html,HE manquant,sources/yoreh-deah/siman-108/niveau-2-lamdan-he.html
sources/yoreh-deah/siman-108/niveau-2-lamdan.html,EN manquant,sources/yoreh-deah/siman-108/niveau-2-lamdan-en.html
sources/yoreh-deah/siman-95/niveau-2-lamdan.html,HE manquant,sources/yoreh-deah/siman-95/niveau-2-lamdan-he.html
sources/yoreh-deah/siman-95/niveau-2-lamdan.html,EN manquant,sources/yoreh-deah/siman-95/niveau-2-lamdan-en.html
sources/yoreh-deah/siman-110/niveau-2-lamdan.html,HE manquant,sources/yoreh-deah/siman-110/niveau-2-lamdan-he.html
sources/yoreh-deah/siman-110/niveau-2-lamdan.html,EN manquant,sources/yoreh-deah/siman-110/niveau-2-lamdan-en.html
sources/yoreh-deah/siman-185/niveau-2-lamdan.html,HE manquant,sources/yoreh-deah/siman-185/niveau-2-lamdan-he.html
sources/yoreh-deah/siman-185/niveau-2-lamdan.html,EN manquant,sources/yoreh-deah/siman-185/niveau-2-lamdan-en.html
sources/yoreh-deah/siman-99/niveau-2-lamdan.html,HE manquant,sources/yoreh-deah/siman-99/niveau-2-lamdan-he.html
sources/yoreh-deah/siman-99/niveau-2-lamdan.html,EN manquant,sources/yoreh-deah/siman-99/niveau-2-lamdan-en.html
sources/yoreh-deah/siman-97/niveau-2-lamdan.html,HE manquant,sources/yoreh-deah/siman-97/niveau-2-lamdan-he.html
sources/yoreh-deah/siman-97/niveau-2-lamdan.html,EN manquant,sources/yoreh-deah/siman-97/niveau-2-lamdan-en.html
sources/yoreh-deah/siman-199/niveau-2-lamdan.html,HE manquant,sources/yoreh-deah/siman-199/niveau-2-lamdan-he.html
sources/yoreh-deah/siman-199/niveau-2-lamdan.html,EN manquant,sources/yoreh-deah/siman-199/niveau-2-lamdan-en.html
sources/yoreh-deah/siman-200/niveau-2-lamdan.html,HE manquant,sources/yoreh-deah/siman-200/niveau-2-lamdan-he.html
sources/yoreh-deah/siman-200/niveau-2-lamdan.html,EN manquant,sources/yoreh-deah/siman-200/niveau-2-lamdan-en.html
sources/yoreh-deah/siman-195/niveau-2-lamdan.html,HE manquant,sources/yoreh-deah/siman-195/niveau-2-lamdan-he.html
sources/yoreh-deah/siman-195/niveau-2-lamdan.html,EN manquant,sources/yoreh-deah/siman-195/niveau-2-lamdan-en.html
sources/yoreh-deah/siman-114/niveau-2-lamdan.html,HE manquant,sources/yoreh-deah/siman-114/niveau-2-lamdan-he.html
sources/yoreh-deah/siman-114/niveau-2-lamdan.html,EN manquant,sources/yoreh-deah/siman-114/niveau-2-lamdan-en.html
sources/yoreh-deah/siman-98/niveau-2-lamdan.html,HE manquant,sources/yoreh-deah/siman-98/niveau-2-lamdan-he.html
sources/yoreh-deah/siman-98/niveau-2-lamdan.html,EN manquant,sources/yoreh-deah/siman-98/niveau-2-lamdan-en.html
sources/yoreh-deah/siman-106/niveau-2-lamdan.html,HE manquant,sources/yoreh-deah/siman-106/niveau-2-lamdan-he.html
sources/yoreh-deah/siman-106/niveau-2-lamdan.html,EN manquant,sources/yoreh-deah/siman-106/niveau-2-lamdan-en.html
sources/yoreh-deah/siman-188/niveau-2-lamdan.html,HE manquant,sources/yoreh-deah/siman-188/niveau-2-lamdan-he.html
sources/yoreh-deah/siman-188/niveau-2-lamdan.html,EN manquant,sources/yoreh-deah/siman-188/niveau-2-lamdan-en.html
sources/yoreh-deah/siman-88/niveau-2-lamdan.html,HE manquant,sources/yoreh-deah/siman-88/niveau-2-lamdan-he.html
sources/yoreh-deah/siman-88/niveau-2-lamdan.html,EN manquant,sources/yoreh-deah/siman-88/niveau-2-lamdan-en.html
sources/yoreh-deah/siman-183/niveau-2-lamdan.html,HE manquant,sources/yoreh-deah/siman-183/niveau-2-lamdan-he.html
sources/yoreh-deah/siman-183/niveau-2-lamdan.html,EN manquant,sources/yoreh-deah/siman-183/niveau-2-lamdan-en.html
sources/yoreh-deah/siman-186/niveau-2-lamdan.html,HE manquant,sources/yoreh-deah/siman-186/niveau-2-lamdan-he.html
sources/yoreh-deah/siman-186/niveau-2-lamdan.html,EN manquant,sources/yoreh-deah/siman-186/niveau-2-lamdan-en.html
sources/yoreh-deah/siman-189/niveau-2-lamdan.html,HE manquant,sources/yoreh-deah/siman-189/niveau-2-lamdan-he.html
sources/yoreh-deah/siman-189/niveau-2-lamdan.html,EN manquant,sources/yoreh-deah/siman-189/niveau-2-lamdan-en.html
sources/yoreh-deah/siman-198/niveau-2-lamdan.html,HE manquant,sources/yoreh-deah/siman-198/niveau-2-lamdan-he.html
sources/yoreh-deah/siman-198/niveau-2-lamdan.html,EN manquant,sources/yoreh-deah/siman-198/niveau-2-lamdan-en.html
sources/yoreh-deah/siman-194/niveau-2-lamdan.html,HE manquant,sources/yoreh-deah/siman-194/niveau-2-lamdan-he.html
sources/yoreh-deah/siman-194/niveau-2-lamdan.html,EN manquant,sources/yoreh-deah/siman-194/niveau-2-lamdan-en.html
limoud/personnaliser.html,HE manquant,limoud/personnaliser-he.html
limoud/personnaliser.html,EN manquant,limoud/personnaliser-en.html
limoud/mon-plan.html,HE manquant,limoud/mon-plan-he.html
limoud/mon-plan.html,EN manquant,limoud/mon-plan-en.html
